ID;NOM_PARC;ADRESS_SSC;ADRESS_GEO;ARRONDISSEMENT;DELEG;SITE_DELEG;TEL;H_PARC_CM;H2_PARC_CM;TYPE_PARC;HORAIRE_NA;ASC_SURF;ACCES_MOTO;ACCES_VELO;V_ELEC_CH;AUTOPART;DATE_TA;AB_1M_E;AB_1A_E;TARIF_PR;PR_1A_MINE;PR_1A_MAXE;TARIF_RES;TF_RES_1AE;DATE_TH;TF_15MN_E;TF_30MN_E;TF_1H_E;TF_1H30_E;TF_2H_E;TF_3H_E;TF_4H_E;TF_7H_E;TF_8H_E;TF_9H_E;TF_10H_E;TF_11H_E;TF_12H_E;TF_24H_E;NB_PL_PMR;ABPMR_1M_E;ABPMR_1T_E;ABPMR_1A_E;ABVE_1M_E;ABVE_1T_E;ABVE_1A_E;NB_PL_MOTO;TMOTO_1EHE;ABMOTO_1ME;ABMOTO_1TE;ABMOTO_1AE;TVELO_1M_E;MIS_A_JOUR;ZONES_RES;TF_15MN_MO;TF_30MN_MO;TF_24H_MOT;TF_PR_MOTO;PR_1A_MINM;PR_1A_MAXM;TF_RES_MO;TF_RES_1AM;AB_1A_PATT;PARC_AMOD;PARC_RELAI;AB_1M_RELA;X_RGF93;Y_RGF93;"ARR_INSEE
";"GRATUIT
";"NB_PLACES
";"NUM_SIRET
";"XLONG
YLAT";YLAT;geo_shape;geo_point_2d
178;ETOILE FRIEDLAND;14 TER ET 39 TER AVENUE DE FRIEDLAND;39 TER AVENUE DE FRIEDLAND;8;INDIGO;WWW.PARKINDIGO.FR;0142896964;190;;VISITEURS ET ABONNES;24h / 24;OUI;OUI;NON;NON;NON;01/08/2016;292;2936;NON;ND;ND;NON;ND;01/09/2016;1,2;2,4;4,8;7,2;9,6;14,4;19,2;33,6;38,4;39,6;39,6;39,6;39,6;39,6;6;ND;ND;ND;ND;ND;1468;5;ND;ND;ND;ND;ND;2020-05-01;ND;ND;ND;ND;NON;ND;ND;NON;ND;ND;NON;NON;ND;648578.5631;6863999.7158;;;;;;;"{""type"": ""Point"", ""coordinates"": [2.299086316288409, 48.87409054633082]}";48.8740905463,2.29908631629
165;FOCH;4 TER, 37 TER ET 45 TER AVENUE FOCH;4 TER AVENUE FOCH;16;INDIGO;WWW.PARKINDIGO.FR;0145004478;190;;VISITEURS ET ABONNES;24h / 24;OUI;OUI;OUI;OUI;NON;01/01/2019;305;3050;NON;ND;ND;OUI;2065;01/01/2019;2,25;3,4;4,5;6,8;9;13,5;18;31,5;36;40,5;45;45;45;45;8;152,5;427;1525;152,5;427;1525;18;1,5;106.75;298.9;1067.5;10;2020-05-01;TOUT PARIS;0,75;1,15;15,75;NON;ND;ND;NON;ND;3812.5;NON;OUI;75;648088.5671;6863976.6195;;;;;;;"{""type"": ""Point"", ""coordinates"": [2.291989661914294, 48.87364951601748]}";48.873649516,2.29198966191
162;JEAN BOUIN;17 RUE NUNGESSER ET COLI;17 RUE NUNGESSER ET COLI;16;SAEMES;WWW.SAEMES.FR;0146512868;190;;VISITEURS ET ABONNES;24h / 24;OUI;OUI;OUI;OUI;NON;21/10/2019;150;1500;OUI;900;1200;NON;ND;21/10/2019;0,9;1,8;3,6;5,4;7,2;10,8;14,4;25,2;28,8;32,4;32,4;32,4;32,4;32,4;11;75;212,5;750;75;212,5;750;56;1,25;52;148;525;10;2020-05-01;16R 16S 16T 16U 16V 16W 16X 16Y 16Z /+ riverains rue Ningesser et Coli de Boulogne;0,35;0,65;11,25;OUI;315;420;NON;ND;1880;NON;NON;ND;645117.4348;6860743.8521;;;;;;;"{""type"": ""Point"", ""coordinates"": [2.2521085718165, 48.84430185238402]}";48.8443018524,2.25210857182
185;JOFFRE;2 TER ET 6 TER PLACE JOFFRE, 14 AVENUE FRÉDÉRIC LE PLAY, 13 AVENUE ÉMILE ACOLLAS, 77 AVENUE DE SUFFREN;14 AVENUE FREDERIC LE PLAY;7;INDIGO;WWW.PARKINDIGO.FR;0145484330;190;;VISITEURS ET ABONNES;24h / 24;ACCESSIBLE DE PLAIN PIED;OUI;OUI;OUI;OUI;01/01/2016;191;1986;NON;ND;ND;NON;ND;01/01/2017;1,15;2,3;4,6;6,9;9,2;13,8;18,4;32,2;36,8;39,6;39,6;39,6;39,6;39,6;1;95,5;272;993;95,5;272;993;19;1,6;76;218;799;10;2020-05-01;ND;0,4;0,8;13,6;NON;ND;ND;NON;ND;3110;NON;NON;ND;648961.7632;6861775.4863;;;;;;;"{""type"": ""Point"", ""coordinates"": [2.304433111495555, 48.853995586067214]}";48.8539955861,2.3044331115
102;MAIRIE DU 19EME;5/M RUE ANDRÉ DUBOIS;5 M RUE ANDRE DUBOIS;19;SAEMES;WWW.SAEMES.FR;0144829999;190;;ABONNES;POUR ABONNES;NON;NON;NON;NON;OUI;01/07/2019;172;1720;NON;ND;ND;NON;ND;ND;ND;ND;ND;ND;ND;ND;ND;ND;ND;ND;ND;ND;ND;ND;2;ND;139;ND;ND;ND;ND;13;ND;69;186;688;ND;2020-05-01;ND;ND;ND;ND;NON;ND;ND;NON;ND;1720;NON;NON;ND;654659.506;6865010.6048;;;;;;;"{""type"": ""Point"", ""coordinates"": [2.381750906355664, 48.883420732686865]}";48.8834207327,2.38175090636
176;PORTE D ORLEANS;7 RUE DE LA LÉGION ÉTRANGÈRE ET 8 AVENUE DE LA PORTE D'ORLÉANS;8 AVENUE DE LA PORTE D ORLEANS;14;SAEMES;WWW.SAEMES.FR;0140520920;185;260;VISITEURS ET ABONNES;24h / 24;OUI, MAIS TRAVAUX D'ACCESSIBILITE AUX HANDICAPES A REALISER;OUI;OUI;OUI;OUI;01/07/2019;144;1440;OUI;864;1152;NON;ND;01/07/2019;0,9;1,8;3,6;5,4;7,2;10,8;14,4;25,2;28,8;32,4;32,4;32,4;32,4;32,4;14;72;201;720;72;201;720;24;1,25;50.4;141;504;ND;2020-05-01;TOUT PARIS;0,35;0,65;11,25;OUI;302,2;403;NON;ND;1820;NON;OUI;75;650508.6083;6858024.4178;;;;;;;"{""type"": ""Point"", ""coordinates"": [2.3258481592013, 48.820547583135436]}";48.8205475831,2.3258481592
161;SAINT GERMAIN (GARAGE);169 TER BOULEVARD SAINT GERMAIN;169 TER BOULEVARD SAINT GERMAIN;6;INDIGO;WWW.PARKINDIGO.FR;0145491855;190;;ABONNES;POUR ABONNES;OUI;OUI;NON;NON;NON;24/12/2016;325;3250;OUI;1950;2600;NON;ND;ND;ND;ND;ND;ND;ND;ND;ND;ND;ND;ND;ND;ND;ND;ND;0;162,5;455;1625;162,5;455;1625;0;ND;ND;ND;ND;10;2020-05-01;1E 4E 5E 5H 5J 6E 6F 6G 7L 7M 7N;ND;ND;ND;NON;ND;ND;NON;ND;4358;NON;NON;ND;650918.1711;6861771.406;;;;;;;"{""type"": ""Point"", ""coordinates"": [2.331137596755641, 48.854211085941536]}";48.8542110859,2.33113759676
50;SOUFFLOT;18/M ET 19 TER RUE SOUFFLOT;18 M RUE SOUFFLOT;5;INDIGO;WWW.PARKINDIGO.FR;0143261554;190;;VISITEURS ET ABONNES;24h / 24;OUI;OUI;OUI;OUI;OUI;01/08/2016;239;2486;NON;ND;ND;NON;ND;01/01/2017;1,05;2,1;4,2;6,3;8,4;12,6;16,8;29,4;33,6;37,8;37,8;37,8;37,8;37,8;2;119,5;341;1243;119,5;341;1243;32;1,2;83.6;238.7;870.1;10,1;2020-05-01;ND;0,3;0,6;10,8;NON;ND;ND;NON;ND;3077;NON;NON;ND;651746.2924;6860989.5635;;;;;;;"{""type"": ""Point"", ""coordinates"": [2.342419247226533, 48.847087392347184]}";48.8470873923,2.34241924723
129;BERCY SEINE VEHICULES LEGERS;180 QUAI DE BERCY;180 QUAI DE BERCY;12;SAEMES;WWW.SAEMES.FR;0143074858;190;;VISITEURS ET ABONNES;24h / 24;OUI, MAIS TRAVAUX D'ACCESSIBILITE AUX HANDICAPES A REALISER;OUI;OUI;OUI;NON;01/07/2018;170;1700;NON;ND;ND;OUI;1190;01/07/2018;0,95;1,9;3,8;5,7;7,6;11,4;15,2;26,6;30,4;34,2;34,2;34,2;34,2;34,2;14;ND;ND;ND;85;225,5;850;10;1,35;68;180;680;15;2020-05-01;12F 12G 12J 12K 12L 13K 13P 13R 13S;0,35;0,65;11,95;NON;ND;ND;OUI;510;2216;NON;OUI;75;654657.9817;6859498.5961;;;;;;;"{""type"": ""Point"", ""coordinates"": [2.380828583145153, 48.835056379005536]}";48.835056379,2.38082858315
133;CASERNE MONGE;17 TER RUE GRACIEUSE;17 TER RUE GRACIEUSE;5;SAEMES;WWW.SAEMES.FR;0144829999;190;;ABONNES;POUR ABONNES;OUI;OUI;OUI;NON;NON;01/07/2019;200;2100;NON;ND;ND;NON;ND;ND;ND;ND;ND;ND;ND;ND;ND;ND;ND;ND;ND;ND;ND;ND;5;75;ND;ND;ND;ND;ND;12;ND;100;277;1050;ND;2020-05-01;ND;ND;ND;ND;NON;ND;ND;NON;ND;2625;NON;NON;ND;652396.3529;6860474.8103;;;;;;;"{""type"": ""Point"", ""coordinates"": [2.35141633686725, 48.842537951617054]}";48.8425379516,2.35141633687
43;PORTE DE SAINT CLOUD;10 AVENUE DE LA PORTE DE SAINT CLOUD;10 AVENUE DE LA PORTE DE SAINT CLOUD;16;INDIGO;WWW.PARKINDIGO.FR;0146512868;190;;VISITEURS ET ABONNES;24h / 24;OUI;OUI;OUI;OUI;NON;01/01/2019;175;1750;OUI;1050;1400;NON;ND;01/01/2019;1,05;2,05;4,1;6,15;8,2;12,3;16,4;28,7;32,8;36,9;36,9;36,9;36,9;36,9;28;87,5;245;875;87,5;245;875;57;1,4;61.25;171.5;612.5;10;2020-05-01;15M 15N 16P 16R 16S 16T 16U 16V 16W 16X 16Y 16Z;0,35;0,7;12,9;OUI;367,5;490;NON;ND;2187.5;NON;OUI;75;645223.9879;6860123.1316;;;;;;;"{""type"": ""Point"", ""coordinates"": [2.253732027253757, 48.838793169405456]}";48.8387931694,2.25373202725
174;TERNES;4, 38 ET 61 AVENUE DES TERNES;4 TER AVENUE DES TERNES;17;INDIGO;WWW.PARKINDIGO.FR;0145721761;185;;VISITEURS ET ABONNES;24h / 24;OUI, MAIS TRAVAUX D'ACCESSIBILITE AUX HANDICAPES A REALISER;OUI;OUI;OUI;NON;01/01/2019;240;2400;OUI;1046,5;1744,5;NON;ND;01/01/2019;1,05;2,1;4,2;6,3;8,4;12,6;16,8;29,4;33,6;37,8;37,8;37,8;37,8;37,8;22;120;336;1200;120;336;1200;100;1,45;84;235.2;840;10;2020-05-01;8F 8G 16E 16F 16G 17E 17F 17G 17H 17J 17L 17M 17N;0,4;0,75;13,05;OUI;366;610,5;NON;ND;3000;NON;NON;ND;648436.9019;6864467.7266;;;;;;;"{""type"": ""Point"", ""coordinates"": [2.296854671154894, 48.87816035535188]}";48.8781603554,2.29685467115
6;VENDOME;26 TER PLACE VENDÔME;26 TER PLACE VENDOME;1;INDIGO;WWW.PARKINDIGO.FR;0142605000;190;;VISITEURS ET ABONNES;24h / 24;ELEVATEUR PREVU;OUI;NON;NON;NON;01/08/2016;294;3040;NON;ND;ND;OUI;2128;01/09/2016;1,2;2,4;4,8;7,2;9,6;14,4;19,2;33,6;38,4;39,6;39,6;39,6;39,6;39,6;30;ND;ND;ND;ND;ND;1520;0;1,6;76.5;218;795.6;ND;2020-05-01;1E 2E 6E 7L 8E 8H 8K 9G;0,4;0,8;13,6;NON;ND;ND;NON;ND;3953;NON;NON;ND;650865.3421;6863304.9314;;;;;;;"{""type"": ""Point"", ""coordinates"": [2.330000822459014, 48.86783514953301]}";48.8678351495,2.33000082246
18;MEYERBEER (OPERA);2 TER RUE DE LA CHAUSSÉE D'ANTIN;2 TER RUE DE LA CHAUSSEE D ANTIN;9;SAEMES;WWW.SAEMES.FR;0147429514;190;;VISITEURS ET ABONNES;24h / 24;OUI;OUI;OUI;OUI;NON;01/07/2018;282;2820;OUI;1226,2;1635;NON;ND;01/01/2020;1;2;4;6;8;12;16;28;32;36;36;36;36;36;12;141;402;1410;141;402;1410;47;1,4;98.7;281;987;10;2020-05-01;1E 2E 9E 9F 9G;0,35;0,7;12,6;OUI;429;572;NON;ND;3530;NON;NON;ND;651155.8835;6863691.089;;;;;;;"{""type"": ""Point"", ""coordinates"": [2.334055113667673, 48.87135159521537]}";48.8713515952,2.33405511367
53;PLACE VICTOR HUGO;76 TER AVENUE VICTOR HUGO;76 AVENUE VICTOR HUGO;16;INDIGO;WWW.PARKINDIGO.FR;0145242509;190;;VISITEURS ET ABONNES;24h / 24;OUI;OUI;OUI;OUI;NON;01/08/2016;315;3276;NON;ND;ND;NON;ND;01/01/2017;1,15;2,3;4,6;6,9;9,2;13,8;18,4;32,2;36,8;39,6;39,6;39,6;39,6;39,6;6;157,5;449;1638;157,5;449;1638;28;1,6;110;314;1147;10;2020-05-01;ND;0,4;0,8;13,6;NON;ND;ND;NON;ND;4095;NON;NON;ND;647514.3316;6863506.5273;;;;;;;"{""type"": ""Point"", ""coordinates"": [2.284540540729823, 48.8693893678004]}";48.8693893678,2.28454054073
154;CARDINET;149 TER RUE CARDINET;149 TER RUE CARDINET;17;SAEMES;WWW.SAEMES.FR;0144829999;210;;ABONNES;POUR ABONNES;OUI;OUI;OUI;OUI;NON;01/01/2020;220;2230;OUI;1337,8;1783,8;NON;ND;ND;ND;ND;ND;ND;ND;ND;ND;ND;ND;ND;ND;ND;ND;ND;12;110;313,5;1114,9;110;313,5;1114,9;16;ND;88;250.8;891.9;19;2020-05-01;17K 17P 17R 17S 17T;ND;ND;ND;NON;ND;ND;NON;ND;2788;NON;NON;ND;649898.448;6865781.231;;;;;;;"{""type"": ""Point"", ""coordinates"": [2.316918921087553, 48.890067874699085]}";48.8900678747,2.31691892109
120;CHARLETY COUBERTIN;29 AVENUE PIERRE DE COUBERTIN;29 AVENUE PIERRE DE COUBERTIN;13;SAEMES;WWW.SAEMES.FR;0145652561;185;;VISITEURS ET ABONNES;24h / 24;OUI, MAIS TRAVAUX D'ACCESSIBILITE AUX HANDICAPES A REALISER;OUI;OUI;OUI;NON;01/07/2019;122;1323;NON;ND;ND;OUI;926,1;01/01/2020;1;2;3,9;5,9;7,8;11,7;15,6;27,3;31,2;35,1;35,1;35,1;35,1;35,1;5;ND;ND;ND;61;170;661,5;16;ND;49;136;529;16;2020-05-01;13E 13F 13G 13L 13M 13N 14H;ND;ND;ND;NON;ND;ND;OUI;395;1654;NON;OUI;75;651855.565;6857671.344;;;;;;;"{""type"": ""Point"", ""coordinates"": [2.34427401960035, 48.81733297570226]}";48.8173329757,2.3442740196
68;FIRMIN GEMIER;5 RUE FIRMIN GEMIER;5 RUE FIRMIN GEMIER;18;SAEMES;WWW.SAEMES.FR;0144829999;195;;ABONNES;POUR ABONNES;NON;OUI;NON;NON;NON;01/07/2019;139;1501;NON;ND;ND;NON;ND;ND;ND;ND;ND;ND;ND;ND;ND;ND;ND;ND;ND;ND;ND;ND;0;117;ND;ND;ND;ND;ND;7;ND;56;155;600;ND;2020-05-01;ND;ND;ND;ND;NON;ND;ND;NON;ND;1501;NON;NON;ND;650879.9809;6866288.4283;;;;;;;"{""type"": ""Point"", ""coordinates"": [2.330110002251372, 48.89477679456375]}";48.8947767946,2.33011000225
15;HOCHE;14 QUATER ET 29 TER AVENUE HOCHE;14 QUATER AVENUE HOCHE;8;INDIGO;WWW.PARKINDIGO.FR;0143807381;190;;VISITEURS ET ABONNES;24h / 24;OUI;OUI;NON;NON;NON;01/08/2016;295;3068;NON;ND;ND;NON;ND;01/09/2016;1,2;2,4;4,8;7,2;9,6;14,4;19,2;33,6;38,4;39,6;39,6;39,6;39,6;39,6;10;ND;ND;ND;ND;ND;1539;13;ND;171;487;1778;ND;2020-05-01;ND;ND;ND;ND;NON;ND;ND;NON;ND;3224;NON;NON;ND;648816.419;6864328.6228;;;;;;;"{""type"": ""Point"", ""coordinates"": [2.302158872913693, 48.87684400816713]}";48.8768440082,2.30215887291
2;MALESHERBES ANJOU;20 TER ET 35 TER BOULEVARD MALESHERBES;20 TER BOULEVARD MALESHERBES;8;SAGS;WWW.SAGS.FR;0142650611;190;;VISITEURS ET ABONNES;24h / 24;NON;OUI;NON;NON;NON;01/01/2020;289;2890;OUI;1617;2310;NON;ND;01/01/2020;1;2,05;4,1;6,15;8,2;12,3;16,4;28,7;32,8;36,9;36,9;36,9;36,9;36,9;0;144,5;404;1445;144,5;404;1445;16;1,4;101.15;282.8;1011.5;10;2020-05-01;1E 2E 8H 8J 8K 8L;0,35;0,7;12,6;OUI;565,95;808,5;NON;ND;3612.5;NON;NON;ND;650244.5512;6863842.4424;;;;;;;"{""type"": ""Point"", ""coordinates"": [2.3217000519077082, 48.87251015052632]}";48.8725101505,2.32170005191
9;POLYTECHNIQUE;13 TER RUE JACQUES-HENRI LARTIGUE;13 TER RUE JACQUES HENRI LARTIGUE;5;SAEMES;WWW.SAEMES.FR;0144829999;190;;ABONNES;POUR ABONNES;NON;NON;NON;NON;NON;01/07/2019;224;2489;NON;ND;ND;NON;ND;ND;ND;ND;ND;ND;ND;ND;ND;ND;ND;ND;ND;ND;ND;ND;0;ND;ND;ND;ND;ND;ND;13;ND;90;264;996;ND;2020-05-01;ND;ND;ND;ND;NON;ND;ND;NON;ND;2489;NON;NON;ND;652378.7469;6860961.8453;;;;;;;"{""type"": ""Point"", ""coordinates"": [2.351001011887355, 48.847014414481116]}";48.8470144145,2.35100101189
114;PORTE D ASNIERES;2 AVENUE DE LA PORTE D'ASNIÈRES;2 AVENUE DE LA PORTE D ASNIERES;17;INDIGO;WWW.PARKINDIGO.FR;0143807381;190;;ABONNES;POUR ABONNES;OUI;OUI;NON;OUI;NON;01/08/2016;152;1581;NON;ND;ND;NON;ND;ND;ND;ND;ND;ND;ND;ND;ND;ND;ND;ND;ND;ND;ND;ND;0;ND;ND;ND;ND;ND;ND;3;ND;ND;ND;936;ND;2020-05-01;ND;ND;ND;ND;NON;ND;ND;NON;ND;1581;NON;NON;ND;648961.2958;6865841.8216;;;;;;;"{""type"": ""Point"", ""coordinates"": [2.303751340299147, 48.89037299662202]}";48.8903729966,2.3037513403
40;PORTE DE SAINT OUEN;27 TER AVENUE DE LA PORTE DE SAINT OUEN;27 TER AVENUE DE LA PORTE DE SAINT OUEN;17;INDIGO;WWW.PARKINDIGO.FR;0142293196;190;;VISITEURS ET ABONNES;24h / 24;OUI;OUI;OUI;OUI;NON;01/01/2019;124;1240;NON;ND;ND;OUI;950;01/07/2018;0,8;1,6;3,2;4,8;6,4;9,6;12,8;22,4;25,6;28,8;32;35,2;38,4;38,4;10;ND;ND;ND;ND;ND;ND;4;ND;43.4;ND;ND;ND;2020-05-01;17R 17S 17T 17U 18E 18H 18J 18K 18L 18M 18N 18P 18R 18S 18T;ND;ND;ND;NON;ND;ND;NON;ND;ND;NON;OUI;75;650834.5461;6866880.2226;;;;;;;"{""type"": ""Point"", ""coordinates"": [2.329425871828883, 48.900143393536155]}";48.9001433935,2.32942587183
100;VAN GOGH;203 TER RUE DE BERCY;203 TER RUE DE BERCY;12;SAEMES;WWW.SAEMES.FR;0144829999;190;;ABONNES;POUR ABONNES;OUI;NON;OUI;NON;NON;01/01/2020;201.4;2097;NON;ND;ND;NON;ND;ND;ND;ND;ND;ND;ND;ND;ND;ND;ND;ND;ND;ND;ND;ND;0;ND;ND;ND;ND;ND;ND;0;ND;ND;ND;ND;ND;2020-05-01;ND;ND;ND;ND;NON;ND;ND;NON;ND;2097;NON;NON;ND;653893.3059;6860699.2014;;;;;;;"{""type"": ""Point"", ""coordinates"": [2.37185238109361, 48.84467555619906]}";48.8446755562,2.37185238109
123;WAGRAM COURCELLES;103 TER RUE JOUFFROY D'ABBANS;103 TER RUE JOUFFROY D ABBANS;17;INDIGO;WWW.PARKINDIGO.FR;0143807381;190;;VISITEURS ET ABONNES;24h / 24;OUI;OUI;NON;NON;NON;01/08/2016;305;3172;NON;ND;ND;NON;ND;01/09/2016;1,2;2,4;4,8;7,2;9,6;14,4;19,2;33,6;38,4;39,6;39,6;39,6;39,6;39,6;5;ND;ND;ND;ND;ND;1586;10;ND;122;348;1269;ND;2020-05-01;ND;ND;ND;ND;NON;ND;ND;NON;ND;3713;NON;NON;ND;648767.3724;6864872.3366;;;;;;;"{""type"": ""Point"", ""coordinates"": [2.30128850156268, 48.88189769802315]}";48.881897698,2.30128850156
28;MAGENTA GARE DE L EST;8 TER SQUARE ALBAN SATRAGNE;8 TER SQUARE ALBAN SATRAGNE;10;INDIGO;WWW.PARKINDIGO.FR;0147702536;190;;VISITEURS ET ABONNES;24h / 24;OUI;OUI;OUI;OUI;NON;07/08/2019;250;2500;OUI;1500;2000;NON;ND;07/08/2019;1,05;2,1;4,2;6,3;8,4;12,6;16,8;29,4;33,6;37,8;37,8;37,8;37,8;37,8;16;125;350;1250;125;350;1250;50;1,45;87,5;245;875;10;2020-05-01;10E 10F 10G;0,4;0,75;13,05;OUI;525;700;NON;ND;3125;NON;NON;ND;;;;;;;;;"{""type"": ""Point"", ""coordinates"": [2.355297329538506, 48.87566679168405]}";48.8756667917,2.35529732954
84;MAUBERT COLLEGE DES BERNARDINS;39 TER BOULEVARD SAINT-GERMAIN;39 TER BOULEVARD SAINT GERMAIN;5;SAEMES;WWW.SAEMES.FR;0143269701;185;;VISITEURS ET ABONNES;24h / 24;OUI;OUI;OUI;OUI;NON;01/07/2019;219;2190;NON;ND;ND;NON;ND;01/07/2018;1,05;2,1;4,2;6,3;8,4;12,6;16,8;29,4;33,6;37,8;37,8;37,8;37,8;37,8;12;109,5;306,6;1095;109,5;306,6;1095;25;1,45;76.6;214.6;766.5;16;2020-05-01;ND;0,35;0,75;13,05;NON;ND;ND;NON;ND;2738;NON;NON;ND;652374.2738;6861238.6764;;;;;;;"{""type"": ""Point"", ""coordinates"": [2.350911352763685, 48.849492684741534]}";48.8494926847,2.35091135276
82;MOZART;2 QUATER RUE DE LA CURE;2 QUATER RUE DE LA CURE;16;SAEMES;WWW.SAEMES.FR;0144829999;190;;ABONNES;POUR ABONNES;OUI;OUI;NON;NON;NON;01/07/2019;ND;2863;NON;ND;ND;NON;ND;ND;ND;ND;ND;ND;ND;ND;ND;ND;ND;ND;ND;ND;ND;ND;0;ND;ND;ND;ND;ND;ND;5;ND;ND;328;1145;ND;2020-05-01;ND;ND;ND;ND;NON;ND;ND;NON;ND;2863;NON;NON;ND;646338.2507;6861773.6824;;;;;;;"{""type"": ""Point"", ""coordinates"": [2.268661606466061, 48.85372276363086]}";48.8537227636,2.26866160647
79;PEREIRE;211/M BOULEVARD PÉREIRE;211 M BOULEVARD PEREIRE;17;SAEMES;WWW.SAEMES.FR;0144829999;200;;ABONNES;POUR ABONNES;NON;OUI;NON;NON;NON;01/07/2016;193;1910;NON;ND;ND;NON;ND;ND;ND;ND;ND;ND;ND;ND;ND;ND;ND;ND;ND;ND;ND;ND;0;ND;ND;ND;ND;ND;ND;21;ND;ND;339;1256;ND;2020-05-01;ND;ND;ND;ND;NON;ND;ND;NON;ND;3141;NON;NON;ND;647948.96;6864780.012;;;;;;;"{""type"": ""Point"", ""coordinates"": [2.290203996874819, 48.881025980734535]}";48.8810259807,2.29020399687
85;POLIVEAU;39 BIS RUE POLIVEAU;39 BIS RUE POLIVEAU;5;SAEMES;WWW.SAEMES.FR;0144829999;190;;ABONNES;POUR ABONNES;NON;NON;NON;NON;OUI;01/07/2019;174;1670;NON;ND;ND;NON;ND;ND;ND;ND;ND;ND;ND;ND;ND;ND;ND;ND;ND;ND;ND;ND;0;ND;ND;ND;ND;ND;ND;2;ND;ND;192;ND;ND;2020-05-01;ND;ND;ND;ND;NON;ND;ND;NON;ND;1670;NON;NON;ND;652839.9395;6860165.287;;;;;;;"{""type"": ""Point"", ""coordinates"": [2.357557769496533, 48.83985160023665]}";48.8398516002,2.3575577695
181;BIBLIOTHEQUE F. MITTERRAND (RIVE GAUCHE);16 RUE ÉMILE DURKHEIM, 43 QUAI FRANÇOIS MAURIAC;16 RUE EMILE DURKHEIM;13;INDIGO;WWW.PARKINDIGO.FR;0144066050;190;;VISITEURS ET ABONNES;24h / 24;OUI;OUI;OUI;OUI;OUI;01/09/2016;235;2350;OUI;1410;1880;NON;ND;01/02/2020;0,95;1,9;3,8;5,7;7,6;11,4;15,2;26,6;30,4;34,2;34,2;34,2;34,2;34,2;20;118;329;1175;118;329;1175;32;1,3;82;230;823;10;2020-05-01;5F 12E 12F 13J 13K 13L 13M 13N 13P 13R 13S;0,35;0,7;11,7;OUI;493,5;658;NON;ND;2938;NON;OUI;75;654289.188;6859315.76;;;;;;;"{""type"": ""Point"", ""coordinates"": [2.377329212627512, 48.832250361245244]}";48.8322503612,2.37732921263
189;CHAMPS ELYSEES;62 TER ET 113 AVENUE DES CHAMPS ELYSÉES;113 AVENUE CHAMPS ELYSEES;8;INDIGO;WWW.PARKINDIGO.FR;0145614079;190;;VISITEURS ET ABONNES;24h / 24;OUI;OUI;NON;NON;NON;01/08/2016;264;2626.5;NON;ND;ND;OUI;1838,55;01/09/2016;1,2;2,4;4,8;7,2;9,6;14,4;19,2;33,6;38,4;39,6;39,6;39,6;39,6;39,6;11;ND;ND;ND;132;367;1313,25;40;ND;72;206;727;ND;2020-05-01;8E 8F 8G 8H 8J 16E 16F 16G 16H 16I 16J 17E;ND;ND;ND;NON;ND;ND;NON;ND;ND;NON;NON;ND;648619.27;6863796.7715;;;;;;;"{""type"": ""Point"", ""coordinates"": [2.299447098675917, 48.872169932513955]}";48.8721699325,2.29944709868
109;ETOILE FRIEDLAND;14 TER ET 39 TER AVENUE DE FRIEDLAND;14 TER AVENUE DE FRIEDLAND;8;INDIGO;WWW.PARKINDIGO.FR;0142896964;190;;VISITEURS ET ABONNES;24h / 24;OUI;OUI;NON;NON;NON;01/08/2016;292;2936;NON;ND;ND;NON;ND;01/09/2016;1,2;2,4;4,8;7,2;9,6;14,4;19,2;33,6;38,4;39,6;39,6;39,6;39,6;39,6;6;ND;ND;ND;ND;ND;1468;5;ND;ND;ND;ND;ND;2020-05-01;ND;ND;ND;ND;NON;ND;ND;NON;ND;ND;NON;NON;ND;648737.1323;6864067.587;;;;;;;"{""type"": ""Point"", ""coordinates"": [2.301229862865925, 48.874519542067596]}";48.8745195421,2.30122986287
44;SAINT MARTIN;245 TER RUE SAINT MARTIN;245 TER RUE SAINT MARTIN;3;INDIGO;WWW.PARKINDIGO.FR;0142741600;190;;VISITEURS ET ABONNES;24h / 24;OUI, MAIS TRAVAUX D'ACCESSIBILITE AUX HANDICAPES A REALISER;OUI;NON;NON;NON;01/08/2016;309;3091;NON;ND;ND;NON;ND;01/09/2016;1,1;2,2;4,4;6,6;8,8;13,2;17,6;30,8;35,2;39,6;39,6;39,6;39,6;39,6;4;ND;ND;ND;ND;ND;ND;34;ND;128;363;1326;ND;2020-05-01;ND;ND;ND;ND;NON;ND;ND;NON;ND;ND;NON;NON;ND;652557.9318;6863066.0038;;;;;;;"{""type"": ""Point"", ""coordinates"": [2.353601670361955, 48.8658837369737]}";48.865883737,2.35360167036
138;VERSAILLES REYNAUD;178 TER AVENUE DE VERSAILLES;178 TER AVENUE DE VERSAILLES;16;INDIGO;WWW.PARKINDIGO.FR;0140716343;190;;VISITEURS ET ABONNES;24h / 24;OUI;OUI;OUI;OUI;NON;01/08/2016;206;2142;NON;ND;ND;NON;ND;01/09/2016;1,1;2,2;4,4;6,6;8,8;13,2;17,6;30,8;35,2;39,6;39,6;39,6;39,6;39,6;1;ND;ND;ND;ND;ND;1071;20;ND;91;259;946;ND;2020-05-01;ND;ND;ND;ND;NON;ND;ND;NON;ND;ND;NON;NON;ND;645871.6408;6860215.3198;;;;;;;"{""type"": ""Point"", ""coordinates"": [2.262605184628184, 48.83966018142238]}";48.8396601814,2.26260518463
19;MONTPARNASSE;120 QUATER ET 139 TER BOULEVARD MONTPARNASSE;120 QUATER BOULEVARD DU MONTPARNASSE;14;INDIGO;WWW.PARKINDIGO.FR;0145484330;190;;VISITEURS ET ABONNES;24h / 24;NON;OUI;OUI;OUI;NON;01/08/2016;209;2174;NON;ND;ND;NON;ND;01/03/2018;1,15;2,3;4,6;6,9;9,2;13,8;18,4;31,6;35,6;39,6;39,6;39,6;39,6;39,6;0;ND;ND;ND;ND;ND;1087;33;ND;79;225;822;ND;2020-05-01;ND;ND;ND;ND;NON;ND;ND;NON;ND;2714;NON;NON;ND;650878.1348;6860361.0764;;;;;;;"{""type"": ""Point"", ""coordinates"": [2.330793854450369, 48.84146668300086]}";48.841466683,2.33079385445
182;BIBLIOTHEQUE F. MITTERRAND (RIVE GAUCHE);16 RUE ÉMILE DURKHEIM, 43 QUAI FRANÇOIS MAURIAC;43 QUAI FRANCOIS MAURIAC;13;INDIGO;WWW.PARKINDIGO.FR;0144066050;190;;VISITEURS ET ABONNES;24h / 24;OUI;OUI;OUI;OUI;OUI;01/09/2016;235;2350;OUI;1410;1880;NON;ND;01/02/2020;0,95;1,9;3,8;5,7;7,6;11,4;15,2;26,6;30,4;34,2;34,2;34,2;34,2;34,2;20;118;329;1175;118;329;1175;32;1,3;82;230;823;10;2020-05-01;5F 12E 12F 13J 13K 13L 13M 13N 13P 13R 13S;0,35;0,7;11,7;OUI;493,5;658;NON;ND;2938;NON;OUI;75;654243.633;6859557.113;;;;;;;"{""type"": ""Point"", ""coordinates"": [2.376710528701532, 48.834472281331664]}";48.8344722813,2.3767105287
11;CARNOT;14 TER AVENUE CARNOT;14 TER AVENUE CARNOT;17;INDIGO;WWW.PARKINDIGO.FR;0143807381;190;;VISITEURS ET ABONNES;24h / 24;OUI;OUI;NON;OUI;NON;01/08/2016;248;2579;NON;ND;ND;NON;ND;01/03/2018;1,1;2,2;4,4;6,6;8,8;13,2;17,6;30,8;34,8;37,8;37,8;37,8;37,8;37,8;6;124;353;1290;124;353;1290;10;1,5;86.8;247.5;902.7;10;2020-05-01;ND;0,35;0,7;12,75;NON;ND;ND;NON;ND;3224;NON;NON;ND;648177.114;6864223.254;;;;;;;"{""type"": ""Point"", ""coordinates"": [2.293277233442263, 48.87597039279389]}";48.8759703928,2.29327723344
107;CHAMPS ELYSEES;64 ET 113 AVENUE DES CHAMPS ELYSÉES;64 AVENUE DES CHAMPS ELYSEES;8;INDIGO;WWW.PARKINDIGO.FR;0145614079;190;;VISITEURS ET ABONNES;24h / 24;OUI;OUI;NON;NON;NON;01/08/2016;264;2626.5;NON;ND;ND;OUI;1838,55;01/09/2016;1,2;2,4;4,8;7,2;9,6;14,4;19,2;33,6;38,4;39,6;39,6;39,6;39,6;39,6;11;ND;ND;ND;132;367;1313,25;40;ND;72;206;727;ND;2020-05-01;8E 8F 8G 8H 8J 16E 16F 16G 16H 16I 16J 17E;ND;ND;ND;NON;ND;ND;NON;ND;ND;NON;NON;ND;649061.3723;6863642.4694;;;;;;;"{""type"": ""Point"", ""coordinates"": [2.305418708859035, 48.87067187656082]}";48.8706718766,2.30541870886
13;EYLAU;6 AVENUE D'EYLAU;6 AVENUE D EYLAU;16;INDIGO;WWW.PARKINDIGO.FR;0145242509;190;;ABONNES;POUR ABONNES;NON;NON;NON;NON;NON;ND;ND;ND;NON;ND;ND;NON;ND;ND;ND;ND;ND;ND;ND;ND;ND;ND;ND;ND;ND;ND;ND;ND;0;ND;ND;ND;ND;ND;ND;0;ND;ND;ND;ND;ND;2020-05-01;ND;ND;ND;ND;NON;ND;ND;NON;ND;ND;OUI;NON;ND;647627.2561;6862887.8864;;;;;;;"{""type"": ""Point"", ""coordinates"": [2.286143721898123, 48.863766665470926]}";48.8637666655,2.2861437219
70;GAY LUSSAC;45 TER RUE GAY-LUSSAC;45 TER RUE GAY LUSSAC;5;SAEMES;WWW.SAEMES.FR;0144829999;195;;ABONNES;POUR ABONNES;NON;NON;NON;NON;NON;01/07/2019;164;1640;NON;ND;ND;NON;ND;ND;ND;ND;ND;ND;ND;ND;ND;ND;ND;ND;ND;ND;ND;ND;0;ND;ND;ND;ND;ND;ND;6;ND;ND;233;ND;ND;2020-05-01;ND;ND;ND;ND;NON;ND;ND;NON;ND;1640;NON;NON;ND;651813.0268;6860398.6184;;;;;;;"{""type"": ""Point"", ""coordinates"": [2.343327261489633, 48.84187377981505]}";48.8418737798,2.34332726149
169;GEORGE V;113 AVENUE DES CHAMPS-ELYSEES, 32 TER AVENUE GEORGE V;32 TER AVENUE GEORGE V;8;INDIGO;WWW.PARKINDIGO.FR;0147200268;190;;VISITEURS ET ABONNES;24h / 24;OUI, MAIS TRAVAUX D'ACCESSIBILITE AUX HANDICAPES A REALISER;OUI;NON;OUI;OUI;01/06/2018;253;2530;OUI;1515;2020;NON;ND;01/04/2020;1,15;2,3;4,6;6,9;9,2;13,8;18,4;32,2;36,8;41,4;41,4;41,4;41,4;41,4;21;126,5;354,2;1265;126,5;354,2;1265;47;1,6;88.5;247.95;885.5;10;2020-05-01;8E 8F 8G 8H 8J 16E 16F 16G 16H 16I 16J 17E;0,4;0,8;14,4;OUI;530,25;707;NON;ND;3320;NON;NON;ND;648753.0356;6863435.1551;;;;;;;"{""type"": ""Point"", ""coordinates"": [2.301255871765864, 48.868710600372914]}";48.8687106004,2.30125587177
8;LES HALLES ST EUSTACHE;22 RUE DES HALLES;22 RUE DES HALLES;1;SAEMES;WWW.SAEMES.FR;0142365737;185;;VISITEURS ET ABONNES;24h / 24;OUI, MAIS TRAVAUX D'ACCESSIBILITE AUX HANDICAPES A REALISER;OUI;OUI;OUI;OUI;01/07/2019;264;2640;OUI;1584;2112;NON;ND;01/07/2019;1,05;2,1;4,1;6,2;8,2;12,3;16,4;28,7;32,8;36,9;36,9;36,9;36,9;36,9;5;132;365,5;1320;132;365,5;1320;16;1,4;92.4;255.8;924;16;2020-05-01;TROIS PREMIERS ARRONDISSEMENTS;0,35;0,7;12,6;NON;ND;ND;NON;ND;3300;NON;NON;ND;652057.879;6862433.174;;;;;;;"{""type"": ""Point"", ""coordinates"": [2.345962761102329, 48.86068249035735]}";48.8606824904,2.3459627611
127;LYON DIDEROT;198 RUE DE BERCY;198 RUE DE  BERCY;12;SAEMES;WWW.SAEMES.FR;0153176308;190;;VISITEURS ET ABONNES;24h / 24;OUI;OUI;OUI;OUI;NON;17/02/2017;ND;3500;NON;ND;ND;NON;ND;01/01/2020;1,1;2,2;4,4;6,6;8,8;13,2;17,6;28,8;32,4;36;36;36;36;36;6;ND;ND;ND;ND;ND;ND;47;2,2;108.6;ND;ND;ND;2020-05-01;ND;0,5;1,1;18;NON;ND;ND;NON;ND;3500;NON;NON;ND;653924.914;6860700.235;;;;;;;"{""type"": ""Point"", ""coordinates"": [2.372169066520062, 48.84468270735849]}";48.8446827074,2.37216906652
33;MAIRIE DU 14 EME;1 TER RUE CHARLES DIVRY;1 TER RUE CHARLES DIVRY;14;SAEMES;WWW.SAEMES.FR;0144829999;190;;ABONNES;POUR ABONNES;NON;NON;NON;OUI;NON;01/01/2020;254;2540;OUI;1524;2032;NON;ND;ND;ND;ND;ND;ND;ND;ND;ND;ND;ND;ND;ND;ND;ND;ND;0;ND;ND;ND;127;362;1270;0;ND;ND;ND;ND;ND;2020-05-01;14H 14J 14L 14M 14N 14P;ND;ND;ND;NON;ND;ND;NON;ND;3175;NON;NON;ND;650634.6318;6859442.3527;;;;;;;"{""type"": ""Point"", ""coordinates"": [2.327381978114207, 48.83305538035305]}";48.8330553804,2.32738197811
21;MAIRIE DU 15 EME LECOURBE;147 RUE LECOURBE;147 RUE LECOURBE;15;SAEMES;WWW.SAEMES.FR;0148285708;190;;VISITEURS ET ABONNES;24h / 24;OUI, MAIS TRAVAUX D'ACCESSIBILITE AUX HANDICAPES A REALISER;OUI;OUI;NON;OUI;01/07/2019;228;2280;OUI;1368;1824;NON;ND;01/07/2019;1;2;3,9;5,9;7,8;11,7;15,6;27,3;31,2;35,1;35,1;35,1;35,1;35,1;7;114;324;1140;114;324;1140;13;1,35;79.8;227;798;11;2020-05-01;15J 15K 15L 15P 15R 15V;0,35;0,7;12,15;OUI;478,5;638;NON;ND;2860;NON;NON;ND;648343.4735;6860293.6674;;;;;;;"{""type"": ""Point"", ""coordinates"": [2.299567634705385, 48.84162449499139]}";48.841624495,2.29956763471
179;ALMA GEORGE V;6 TER ET 17 TER AVENUE GEORGE V;6 TER AVENUE GEORGE V;8;INDIGO;WWW.PARKINDIGO.FR;0142250483;190;;VISITEURS ET ABONNES;24h / 24;OUI;OUI;NON;OUI;NON;01/08/2016;305;3172;NON;ND;ND;OUI;2220,4;01/09/2016;1,2;2,4;4,8;7,2;9,6;14,4;19,2;33,6;38,4;39,6;39,6;39,6;39,6;39,6;6;ND;ND;ND;152,5;434,5;1586;0;ND;122;347.6;1268.8;ND;2020-05-01;7E 7G 8E 8F 8H 16G 16H 16I 16K;ND;ND;ND;NON;ND;ND;NON;ND;3585.3;NON;NON;ND;648773.0928;6863047.9895;;;;;;;"{""type"": ""Point"", ""coordinates"": [2.301572826566623, 48.86532994992572]}";48.8653299499,2.30157282657
29;BASTILLE;29 BOULEVARD DE LA BASTILLE;29 BOULEVARD DE LA BASTILLE;12;INDIGO;WWW.PARKINDIGO.FR;0143467414;190;;VISITEURS ET ABONNES;24h / 24;OUI;OUI;OUI;NON;NON;01/05/2020;193.75;1937.5;OUI;1162,5;1550;NON;ND;01/05/2020;1;2;4;6;8;12;16;28;32;36;36;36;36;36;7;96,9;271,9;968,75;167;468;1356,25;20;1,4;67.8;190.3;678.15;10;2020-05-01;5F 5G 34F 11G 11H 11K 12E;0,35;0,7;12,6;OUI;406,88;542,5;NON;ND;2422;NON;NON;ND;653658.0165;6861234.5702;;;;;;;"{""type"": ""Point"", ""coordinates"": [2.368181286468427, 48.84948680877116]}";48.8494868088,2.36818128647
150;BORDS DE SEINE FREYSSINET (RIVE GAUCHE);25 RUE ABEL GANCE;25 RUE ABEL GANCE;13;INDIGO;WWW.PARKINDIGO.FR;0144066050;190;;VISITEURS ET ABONNES;24h / 24;OUI;OUI;OUI;OUI;OUI;01/09/2016;235;2350;OUI;1410;1880;NON;ND;01/02/2020;0,95;1,9;3,8;5,7;7,6;11,4;15,2;26,6;30,4;34,2;34,2;34,2;34,2;34,2;9;118;329;1175;118;329;1175;32;1,3;82;230;823;10;2020-05-01;5F 12E 12F 13J 13K 13L 13M 13N 13P 13R 13S;0,35;0,7;11,7;OUI;493,5;658;NON;ND;2938;NON;NON;ND;653980.169;6859637.453;;;;;;;"{""type"": ""Point"", ""coordinates"": [2.37300882391439, 48.83515668697402]}";48.835156687,2.37300882391
119;CHARLETY THOMIRE;12 RUE THOMIRE;12 RUE THOMIRE;13;SAEMES;WWW.SAEMES.FR;0144829999;190;;ABONNES;POUR ABONNES;OUI;OUI;NON;NON;NON;01/07/2019;94;968;NON;ND;ND;NON;ND;ND;ND;ND;ND;ND;ND;ND;ND;ND;ND;ND;ND;ND;ND;ND;26;29;ND;ND;ND;ND;ND;24;ND;38;ND;388;ND;2020-05-01;ND;ND;ND;ND;NON;ND;ND;NON;ND;ND;NON;NON;ND;652166.7377;6857866.3452;;;;;;;"{""type"": ""Point"", ""coordinates"": [2.34815113160151, 48.81978855293401]}";48.8197885529,2.3481511316
108;JOUFFROY;6 TER RUE JOUFFROY D'ABBANS;6 TER RUE JOUFFROY D ABBANS;17;INDIGO;WWW.PARKINDIGO.FR;0143807381;190;;ABONNES;POUR ABONNES;NON;NON;NON;NON;NON;01/08/2016;ND;ND;NON;ND;ND;NON;ND;ND;ND;ND;ND;ND;ND;ND;ND;ND;ND;ND;ND;ND;ND;ND;0;ND;ND;ND;ND;ND;ND;0;ND;ND;ND;ND;ND;2020-05-01;ND;ND;ND;ND;NON;ND;ND;NON;ND;ND;OUI;NON;ND;649630.4241;6865461.9048;;;;;;;"{""type"": ""Point"", ""coordinates"": [2.313201228689505, 48.88716220507286]}";48.8871622051,2.31320122869
112;MAC MAHON;17 TER AVENUE MAC MAHON;17 AVENUE MAC MAHON;17;INDIGO;WWW.PARKINDIGO.FR;0143807381;190;;VISITEURS ET ABONNES;24h / 24;OUI, MAIS TRAVAUX D'ACCESSIBILITE AUX HANDICAPES A REALISER;OUI;OUI;NON;NON;01/08/2016;248;2579;OUI;1547,25;2063;NON;ND;01/03/2018;1,1;2,2;4,4;6,6;8,8;13,2;17,6;30,4;34,4;36,8;36,8;36,8;36,8;36,8;7;124;353;1290;124;353;1290;15;1,5;87;248;905;10;2020-05-01;8F 8G 16E 16F 16G 17E 17F 17H 17J;0,35;0,7;12,4;OUI;541,5;722;NON;ND;3224;NON;NON;ND;648242.945;6864272.5271;;;;;;;"{""type"": ""Point"", ""coordinates"": [2.294410421262748, 48.87655251169483]}";48.8765525117,2.29441042126
180;MAINE BASCH ALESIA;204 TER ET 205 TER AVENUE DU MAINE;205 TER AVENUE DU MAINE;14;INDIGO;WWW.PARKINDIGO.FR;0143205699;185;;VISITEURS ET ABONNES;24h / 24;OUI;OUI;OUI;OUI;OUI;01/08/2016;193;2007;NON;ND;ND;NON;ND;01/01/2017;1,05;2,1;4,2;6,3;8,4;12,6;16,8;29,4;33,6;37,8;37,8;37,8;37,8;37,8;10;96,5;275;1004;96,5;275;1004;48;1,2;68;194;707;10;2020-05-01;ND;0,3;0,6;10,8;NON;ND;ND;NON;ND;2509;NON;NON;ND;650573.9074;6858962.4816;;;;;;;"{""type"": ""Point"", ""coordinates"": [2.326607187421638, 48.828770400947285]}";48.8287704009,2.32660718742
80;ROQUETTE;16 BIS RUE SERVAN;16 BIS RUE SERVAN;11;SAEMES;WWW.SAEMES.FR;0144829999;190;;ABONNES;POUR ABONNES;NON;OUI;NON;NON;NON;01/01/2019;116;1108;NON;ND;ND;NON;ND;ND;ND;ND;ND;ND;ND;ND;ND;ND;ND;ND;ND;ND;ND;ND;0;35;ND;ND;ND;ND;ND;14;ND;46;122;443;ND;2020-05-01;ND;ND;ND;ND;NON;ND;ND;NON;ND;1108;NON;NON;ND;654785.9444;6862379.7442;;;;;;;"{""type"": ""Point"", ""coordinates"": [2.383704815595198, 48.85986023595137]}";48.859860236,2.3837048156
135;SAINT PLACIDE;33 TER RUE SAINT-PLACIDE;33 TER RUE SAINT PLACIDE;6;Q PARK;WWW.Q-PARK.FR;ND;190;;ABONNES;POUR ABONNES;OUI;OUI;NON;NON;NON;01/01/2020;300;3600;NON;ND;ND;NON;ND;ND;ND;ND;ND;ND;ND;ND;ND;ND;ND;ND;ND;ND;ND;ND;5;ND;ND;ND;ND;ND;ND;0;ND;195;585;2340;ND;2020-05-01;ND;ND;ND;ND;NON;ND;ND;NON;ND;ND;NON;NON;ND;650523.0823;6861164.237;;;;;;;"{""type"": ""Point"", ""coordinates"": [2.32569244274837, 48.84861187008731]}";48.8486118701,2.32569244275
86;MARCHE SAINT GERMAIN;2 TER RUE LOBINEAU;2 TER RUE LOBINEAU;6;SAEMES;WWW.SAEMES.FR;0144829999;190;;ABONNES;POUR ABONNES;NON;NON;NON;NON;NON;01/10/2017;292;2880;NON;ND;ND;NON;ND;ND;ND;ND;ND;ND;ND;ND;ND;ND;ND;ND;ND;ND;ND;ND;0;ND;ND;ND;ND;ND;ND;0;ND;116.8;321.2;1168;10;2020-05-01;ND;ND;ND;ND;NON;ND;ND;NON;ND;2880;NON;NON;ND;651338.7845;6861511.677;;;;;;;"{""type"": ""Point"", ""coordinates"": [2.336692396040545, 48.85179142661725]}";48.8517914266,2.33669239604
110;ALMA GEORGE V;6 TER ET 17 TER AVENUE GEORGE V;17 TER AVENUE GEORGE V;8;INDIGO;WWW.PARKINDIGO.FR;0142250483;190;;VISITEURS ET ABONNES;24h / 24;OUI;OUI;NON;OUI;NON;01/08/2016;305;3172;NON;ND;ND;OUI;2220,4;01/09/2016;1,2;2,4;4,8;7,2;9,6;14,4;19,2;33,6;38,4;39,6;39,6;39,6;39,6;39,6;6;ND;ND;ND;152,5;434,5;1586;0;ND;122;347.6;1268.8;ND;2020-05-01;7E 7G 8E 8F 8H 16G 16H 16I 16K;ND;ND;ND;NON;ND;ND;NON;ND;3585.3;NON;NON;ND;648721.9597;6863223.1168;;;;;;;"{""type"": ""Point"", ""coordinates"": [2.301148626770262, 48.8669041438564]}";48.8669041439,2.30114862677
23;ANVERS;41 BIS BOULEVARD DE ROCHECHOUART;41 BIS BOULEVARD DE ROCHECHOUART;9;SAEMES;WWW.SAEMES.FR;0142810511;190;;VISITEURS ET ABONNES;24h / 24;OUI;OUI;OUI;OUI;OUI;01/07/2019;230;2300;OUI;1288;1840;NON;ND;01/07/2019;1;2;3,9;5,9;7,8;11,7;15,6;27,3;31,2;35,1;35,1;35,1;35,1;35,1;11;115;327,7;1150;115;327,7;1150;31;1,35;80.5;229.4;805;ND;2020-05-01;9E 9F 9G 10G 18F 18G 18H;0,35;0,7;12,15;OUI;450,8;644;NON;ND;2880;NON;NON;ND;651920.8886;6864941.3624;;;;;;;"{""type"": ""Point"", ""coordinates"": [2.344018229762142, 48.882660754901856]}";48.8826607549,2.34401822976
12;FOCH;4 TER, 37 TER ET 45 TER AVENUE FOCH;37 TER AVENUE FOCH;16;INDIGO;WWW.PARKINDIGO.FR;0145004478;190;;VISITEURS ET ABONNES;24h / 24;OUI;OUI;OUI;OUI;NON;01/01/2019;305;3050;NON;ND;ND;OUI;2065;01/01/2019;2,25;3,4;4,5;6,8;9;13,5;18;31,5;36;40,5;45;45;45;45;8;152,5;427;1525;152,5;427;1525;18;1,5;106.75;298.9;1067.5;10;2020-05-01;TOUT PARIS;0,75;1,15;15,75;NON;ND;ND;NON;ND;3812.5;NON;OUI;75;647569.2869;6863811.9665;;;;;;;"{""type"": ""Point"", ""coordinates"": [2.28493023775313, 48.87229689062952]}";48.8722968906,2.28493023775
134;LA TOUR MAUBOURG ORSAY;45 TER QUAI D'ORSAY;45 TER QUAI D ORSAY;7;Q PARK;WWW.Q-PARK.FR;0144180405;190;;VISITEURS ET ABONNES;24h / 24;OUI;OUI;NON;OUI;NON;01/01/2020;325;3150;NON;ND;ND;OUI;2200;01/01/2020;1,35;2,7;5,3;8;10,6;15,9;21,2;37,1;42,4;43,75;43,75;43,75;43,75;43,75;9;ND;ND;ND;135;ND;1575;11;ND;150;415;1170;ND;2020-05-01;1E 7E 7F 7G 7H 7J 7K 7L 7M 7N 8E 16H;ND;ND;ND;NON;ND;ND;NON;ND;3900;NON;NON;ND;649367.4653;6862698.909;;;;;;;"{""type"": ""Point"", ""coordinates"": [2.309745391625579, 48.86236688119761]}";48.8623668812,2.30974539163
117;MAINE BASCH ALESIA;204 TER ET 205 TER AVENUE DU MAINE;204 TER AVENUE DU MAINE;14;INDIGO;WWW.PARKINDIGO.FR;0143205699;185;;VISITEURS ET ABONNES;24h / 24;OUI;OUI;OUI;OUI;OUI;01/08/2016;193;2007;NON;ND;ND;NON;ND;01/01/2017;1,05;2,1;4,2;6,3;8,4;12,6;16,8;29,4;33,6;37,8;37,8;37,8;37,8;37,8;10;96,5;275;1004;96,5;275;1004;48;1,2;68;194;707;10;2020-05-01;ND;0,3;0,6;10,8;NON;ND;ND;NON;ND;2509;NON;NON;ND;650495.0137;6859117.8378;;;;;;;"{""type"": ""Point"", ""coordinates"": [2.32571918477289, 48.830275426657906]}";48.8302754267,2.32571918477
184;JOFFRE;2 TER ET 6 TER PLACE JOFFRE, 14 AVENUE FRÉDÉRIC LE PLAY, 13 AVENUE ÉMILE ACOLLAS, 77 AVENUE DE SUFFREN;6 TER PLACE JOFFRE;7;INDIGO;WWW.PARKINDIGO.FR;0145484330;190;;VISITEURS ET ABONNES;24h / 24;ACCESSIBLE DE PLAIN PIED;OUI;OUI;OUI;OUI;01/01/2016;191;1986;NON;ND;ND;NON;ND;01/01/2017;1,15;2,3;4,6;6,9;9,2;13,8;18,4;32,2;36,8;39,6;39,6;39,6;39,6;39,6;1;95,5;272;993;95,5;272;993;19;1,6;76;218;799;10;2020-05-01;ND;0,4;0,8;13,6;NON;ND;ND;NON;ND;3110;NON;NON;ND;648924.414;6861784.598;;;;;;;"{""type"": ""Point"", ""coordinates"": [2.304545080474178, 48.85379098092738]}";48.8537909809,2.30454508047
106;GRENIER SAINT LAZARE;28 TER RUE DU GRENIER SAINT-LAZARE;28 TER RUE DU GRENIER SAINT LAZARE;3;INDIGO;;;;;;;;;;;;;;;;;;;;;;;;;;;;;;;;;;;;;;;;;;;;;;;;;;;;;;;;;;;;;;;;;;;;;;"{""type"": ""Point"", ""coordinates"": [2.35326631400637, 48.8629497538966]}";48.8629497539,2.35326631401
125;CHAMPS ELYSEES PIERRE CHARRON;67 TER RUE PIERRE CHARRON;67 TER RUE PIERRE CHARRON;8;INDIGO;WWW.PARKINDIGO.FR;0140740960;195;;VISITEURS ET ABONNES;24h / 24;OUI;OUI;OUI;OUI;NON;01/08/2016;288;2927;OUI;1756,2;2341,6;NON;ND;01/09/2016;1,2;2,4;4,8;7,2;9,6;14,4;19,2;33,6;38,4;39,6;39,6;39,6;39,6;39,6;8;144;388;1463,5;144;388;1463,5;10;1,6;100;270;1021;10,2;2020-05-01;7E 7G 8E 8F 8H 16G 16H 16I 16K;0,4;0,8;13,6;OUI;612,6;816,8;NON;ND;6207;NON;NON;ND;648979.0427;6863579.2599;;;;;;;"{""type"": ""Point"", ""coordinates"": [2.304589876185172, 48.870215903360304]}";48.8702159034,2.30458987619
152;CITE DE LA MODE AUSTERLITZ (RIVE GAUCHE);29 TER QUAI D'AUSTERLITZ;29 TER QUAI D AUSTERLITZ;13;INDIGO;WWW.PARKINDIGO.FR;0144066050;190;;VISITEURS ET ABONNES;24h / 24;OUI;OUI;OUI;OUI;NON;01/09/2016;235;2350;OUI;1410;1880;NON;ND;01/02/2020;0,95;1,9;3,8;5,7;7,6;11,4;15,2;26,6;30,4;34,2;34,2;34,2;34,2;34,2;7;118;329;1175;118;329;1175;0;1,3;82;230;823;10;2020-05-01;5F 12E 12F 13J 13K 13L 13M 13N 13P 13R 13S;0,35;0,7;11,7;OUI;493,5;658;NON;ND;2938;NON;NON;ND;653846.472;6860103.991;;;;;;;"{""type"": ""Point"", ""coordinates"": [2.371113263114367, 48.83941757178129]}";48.8394175718,2.37111326311
166;FOCH;4 TER, 37 TER ET 45 M AVENUE FOCH;45 M AVENUE FOCH;16;INDIGO;WWW.PARKINDIGO.FR;0145004478;190;;VISITEURS ET ABONNES;24h / 24;OUI;OUI;OUI;OUI;NON;01/01/2019;305;3050;NON;ND;ND;OUI;2065;01/01/2019;2,25;3,4;4,5;6,8;9;13,5;18;31,5;36;40,5;45;45;45;45;8;152,5;427;1525;152,5;427;1525;18;1,5;106.75;298.9;1067.5;10;2020-05-01;TOUT PARIS;0,75;1,15;15,75;NON;ND;ND;NON;ND;3812.5;NON;OUI;75;647413.6823;6863787.5687;;;;;;;"{""type"": ""Point"", ""coordinates"": [2.283195381814725, 48.87238356973343]}";48.8723835697,2.28319538181
74;GROS BOULAINVILLIERS;15 TER RUE DE BOULAINVILLIERS;15 TER RUE DE BOULAINVILLIERS;16;SAEMES;WWW.SAEMES.FR;0144829999;195;;ABONNES;POUR ABONNES;NON;OUI;NON;NON;NON;01/07/2019;273;2771;NON;ND;ND;NON;ND;ND;ND;ND;ND;ND;ND;ND;ND;ND;ND;ND;ND;ND;ND;ND;0;ND;221;ND;ND;ND;ND;6;ND;109;295;1108;ND;2020-05-01;ND;ND;ND;ND;NON;ND;ND;NON;ND;2771;NON;NON;ND;646877.7131;6861626.4751;;;;;;;"{""type"": ""Point"", ""coordinates"": [2.276034152825766, 48.852515059251]}";48.8525150593,2.27603415283
190;ROND POINT (GARAGE);2/M ROND-POINT DES CHAMPS ÉLYSÉES-MARCEL DASSAULT;2 M ROND POINT DES CHAMPS ELYSEES MARCEL DASSAULT;8;SAEMES;WWW.SAEMES.FR;0144829999;190;;ABONNES;POUR ABONNES;OUI;OUI;OUI;NON;NON;01/07/2019;258;2580;OUI;1442;2060;NON;ND;ND;ND;ND;ND;ND;ND;ND;ND;ND;ND;ND;ND;ND;ND;ND;0;129;367,5;1290;129;367,5;ND;0;ND;ND;ND;ND;11;2020-05-01;1E 2E 7G 7L 8E 8F 8G 8H 8J 8K 9G;ND;ND;ND;NON;ND;ND;NON;ND;3230;NON;NON;ND;649454.5665;6863510.4723;;;;;;;"{""type"": ""Point"", ""coordinates"": [2.311047660291138, 48.869324559020434]}";48.869324559,2.31104766029
156;MARIGNY CHATEAU;10 COURS MARIGNY;10 COURS MARIGNY;12;INDIGO;WWW.PARKINDIGO.FR;0143749643;190;;VISITEURS ET ABONNES;24h / 24;PREVU;OUI;OUI;OUI;NON;01/01/2018;105;1050;NON;ND;ND;NON;ND;01/01/2018;0,4;0,8;1,65;2,45;3,3;4,95;6,6;11,55;13,2;14,85;14,85;14,85;14,85;14,85;11;52,5;141,5;525;52,5;141,5;525;36;0,55;35;94.5;350;10;2020-05-01;ND;0,1;0,25;4,95;NON;ND;ND;NON;ND;1310;NON;OUI;75;658875.9515;6860729.8275;;;;;;;"{""type"": ""Point"", ""coordinates"": [2.439537344410207, 48.845352430618604]}";48.8453524306,2.43953734441
113;MILTON;31 TER RUE MILTON;31 TER RUE MILTON;9;SAEMES;WWW.SAEMES.FR;0144829999;190;;ABONNES;POUR ABONNES;NON;NON;NON;NON;NON;01/07/2013;ND;ND;NON;ND;ND;NON;ND;ND;ND;ND;ND;ND;ND;ND;ND;ND;ND;ND;ND;ND;ND;ND;0;ND;ND;ND;ND;ND;ND;0;ND;ND;ND;ND;ND;2020-05-01;ND;ND;ND;ND;NON;ND;ND;NON;ND;ND;OUI;NON;ND;651737.3227;6864540.9032;;;;;;;"{""type"": ""Point"", ""coordinates"": [2.341969746036777, 48.87905899996625]}";48.879059,2.34196974604
1;AMPERE;93 TER RUE AMPÈRE;93 TER RUE AMPERE;17;INDIGO;WWW.PARKINDIGO.FR;0143807381;190;;ABONNES;POUR ABONNES;NON;NON;NON;NON;NON;11/07/2017;325;3250;OUI;1950;2600;NON;ND;ND;ND;ND;ND;ND;ND;ND;ND;ND;ND;ND;ND;ND;ND;ND;0;162,5;455;1625;162,5;455;1625;0;ND;113.75;318.5;1137.5;ND;2020-05-01;17G 17H 17J 17K 17L 17M 17N;ND;ND;ND;OUI;682,5;910;NON;ND;4062.5;OUI;NON;ND;648567.3594;6865253.2159;;;;;;;"{""type"": ""Point"", ""coordinates"": [2.298556411826012, 48.885300914216394]}";48.8853009142,2.29855641183
48;BOURSE;12 QUATER PLACE DE LA BOURSE;12 QUATER PLACE DE LA BOURSE;2;INDIGO;WWW.PARKINDIGO.FR;0142964704;190;;VISITEURS ET ABONNES;24h / 24;NON;OUI;OUI;OUI;OUI;01/08/2016;357;3914;NON;ND;ND;OUI;2739,8;01/09/2016;1,2;2,4;4,8;7,2;9,6;14,4;19,2;33,6;38,4;39,6;39,6;39,6;39,6;39,6;3;ND;ND;ND;ND;ND;1957;64;ND;75;213.75;825;10;2020-05-01;1E 2E 3E 9E 9F 9G 10F 10G;ND;ND;ND;NON;ND;ND;NON;ND;ND;NON;NON;ND;651653.9829;6863512.3035;;;;;;;"{""type"": ""Point"", ""coordinates"": [2.340774421807939, 48.86963812753047]}";48.8696381275,2.34077442181
104;CROIX DES PETITS CHAMPS;14 RUE CROIX DES PETITS CHAMPS;14 RUE CROIX DES PETITS CHAMPS;1;INDIGO;WWW.PARKINDIGO.FR;0147039221;190;;VISITEURS ET ABONNES;24h / 24;OUI;OUI;OUI;NON;OUI;01/08/2016;377;3921;NON;ND;ND;NON;ND;01/07/2016;1,15;2,3;4,6;6,9;9,2;13,8;18,4;32,2;36,8;39,6;39,6;39,6;39,6;39,6;7;188,5;537;1960,5;188,5;537;1960,5;17;1,6;112.2;320;1167.7;10,2;2020-05-01;ND;0,4;0,8;13,6;NON;ND;ND;NON;ND;4901;NON;NON;ND;651542.0795;6862785.5491;;;;;;;"{""type"": ""Point"", ""coordinates"": [2.339610577349999, 48.86307189167812]}";48.8630718917,2.33961057735
54;FRANCOIS 1ER;17 QUATER RUE FRANÇOIS 1ER;17 QUATER RUE FRANCOIS 1ER;8;INTERPARKING;WWW.INTERPARKING-FRANCE.COM;0147234145;190;;VISITEURS ET ABONNES;24h / 24;OUI, MAIS TRAVAUX D'ACCESSIBILITE AUX HANDICAPES A REALISER;OUI;OUI;OUI;NON;01/04/2018;263;2625;OUI;1050;2100;NON;ND;19/10/2017;0,95;1,9;3,8;5,7;7,6;11,4;15,2;26,6;30,4;34,2;34,2;34,2;34,2;34,2;13;132;368;1313;132;368;1313;18;1,3;73.5;195.5;735;10;2020-05-01;7E 7G 8E 8F 8H 16G 16H 16I 16K;ND;0,65;11,95;OUI;367,5;735;NON;ND;3281;NON;NON;ND;649070.4624;6863247.395;;;;;;;"{""type"": ""Point"", ""coordinates"": [2.3056476246255793, 48.86736878058387]}";48.8673687806,2.30564762463
20;GEORGE V;113 AVENUE DES CHAMPS-ELYSEES, 32 TER AVENUE GEORGE V;113 AVENUE DES CHAMPS ELYSEES;8;INDIGO;WWW.PARKINDIGO.FR;0147200268;190;;VISITEURS ET ABONNES;24h / 24;OUI, MAIS TRAVAUX D'ACCESSIBILITE AUX HANDICAPES A REALISER;OUI;NON;OUI;OUI;01/06/2018;253;2530;OUI;1515;2020;NON;ND;01/04/2020;1,15;2,3;4,6;6,9;9,2;13,8;18,4;32,2;36,8;41,4;41,4;41,4;41,4;41,4;21;126,5;354,2;1265;126,5;354,2;1265;47;1,6;88.5;247.95;885.5;10;2020-05-01;8E 8F 8G 8H 8J 16E 16F 16G 16H 16I 16J 17E;0,4;0,8;14,4;OUI;530,25;707;NON;ND;3320;NON;NON;ND;648620.6122;6863778.6638;;;;;;;"{""type"": ""Point"", ""coordinates"": [2.299499516815418, 48.872154204888446]}";48.8721542049,2.29949951682
71;GOURAUD;5 AVENUE ÉMILE POUVILLON;5 AVENUE EMILE POUVILLON;7;INDIGO;WWW.PARKINDIGO.FR;0145484330;190;;ABONNES;POUR ABONNES;NON;NON;NON;NON;NON;ND;ND;ND;NON;ND;ND;NON;ND;ND;ND;ND;ND;ND;ND;ND;ND;ND;ND;ND;ND;ND;ND;ND;0;ND;ND;ND;ND;ND;ND;0;ND;ND;ND;ND;ND;2020-05-01;ND;ND;ND;ND;NON;ND;ND;NON;ND;ND;OUI;NON;ND;648587.2638;6862184.6568;;;;;;;"{""type"": ""Point"", ""coordinates"": [2.299134709518056, 48.857461346338866]}";48.8574613463,2.29913470952
58;JOFFRE;2 TER ET 6 TER PLACE JOFFRE, 14 AVENUE FRÉDÉRIC LE PLAY, 13 AVENUE ÉMILE ACOLLAS, 77 AVENUE DE SUFFREN;2 TER PLACE JOFFRE;7;INDIGO;WWW.PARKINDIGO.FR;0145484330;190;;VISITEURS ET ABONNES;24h / 24;ACCESSIBLE DE PLAIN PIED;OUI;OUI;OUI;OUI;01/01/2016;191;1986;NON;ND;ND;NON;ND;01/01/2017;1,15;2,3;4,6;6,9;9,2;13,8;18,4;32,2;36,8;39,6;39,6;39,6;39,6;39,6;1;95,5;272;993;95,5;272;993;19;1,6;76;218;799;10;2020-05-01;ND;0,4;0,8;13,6;NON;ND;ND;NON;ND;3110;NON;NON;ND;648986.9032;6861819.8131;;;;;;;"{""type"": ""Point"", ""coordinates"": [2.3052068003601143, 48.85422740994821]}";48.8542274099,2.30520680036
126;RECOLLETS;3 TER PASSAGE DES RÉCOLLETS;3 TER PASSAGE DES RECOLLETS;10;SAEMES;WWW.SAEMES.FR;0144829999;200;;ABONNES;POUR ABONNES;OUI;OUI;NON;NON;OUI;01/07/2019;172;1772;NON;ND;ND;NON;ND;ND;ND;ND;ND;ND;ND;ND;ND;ND;ND;ND;ND;ND;ND;ND;0;ND;ND;ND;ND;ND;ND;9;ND;86;237;894;ND;2020-05-01;ND;ND;ND;ND;NON;ND;ND;NON;ND;3370;NON;NON;ND;652992.005;6863990.4474;;;;;;;"{""type"": ""Point"", ""coordinates"": [2.359118101786562, 48.87418303247283]}";48.8741830325,2.35911810179
36;TERNES;4, 38 ET 61 AVENUE DES TERNES;38 TER AVENUE DES TERNES;17;INDIGO;WWW.PARKINDIGO.FR;0145721761;185;;VISITEURS ET ABONNES;24h / 24;OUI, MAIS TRAVAUX D'ACCESSIBILITE AUX HANDICAPES A REALISER;OUI;OUI;OUI;NON;01/01/2019;240;2400;OUI;1046,5;1744,5;NON;ND;01/01/2019;1,05;2,1;4,2;6,3;8,4;12,6;16,8;29,4;33,6;37,8;37,8;37,8;37,8;37,8;22;120;336;1200;120;336;1200;100;1,45;84;235.2;840;10;2020-05-01;8F 8G 16E 16F 16G 17E 17F 17G 17H 17J 17L 17M 17N;0,4;0,75;13,05;OUI;366;610,5;NON;ND;3000;NON;NON;ND;648173.0977;6864565.613;;;;;;;"{""type"": ""Point"", ""coordinates"": [2.2932972788673363, 48.8789650101172]}";48.8789650101,2.29329727887
101;MEDITERRANEE;24 ET 40 RUE DE CHÂLON;40 RUE DE CHALON;12;SAEMES;WWW.SAEMES.FR;0143074858;190;;VISITEURS ET ABONNES;24h / 24;OUI;OUI;OUI;OUI;NON;01/01/2020;299;2990;NON;ND;ND;NON;ND;01/01/2019;1,2;2,4;4,8;7,2;9,6;14,4;18,6;30,8;34,8;38,8;38,8;38,8;38,8;38,8;62;149,5;426;1495;149,5;426;1495;146;1,6;104.6;298.2;1046;10;2020-05-01;ND;0,4;0,8;13,5;NON;ND;ND;OUI;950;3730;NON;NON;ND;654213.8246;6860678.5011;;;;;;;"{""type"": ""Point"", ""coordinates"": [2.375746438871921, 48.84497759019261]}";48.8449775902,2.37574643887
170;MONTPARNASSE;120 QUATER ET 139 TER BOULEVARD MONTPARNASSE;139 TER BOULEVARD DU MONTPARNASSE;6;INDIGO;WWW.PARKINDIGO.FR;0145484330;190;;VISITEURS ET ABONNES;24h / 24;NON;OUI;OUI;OUI;NON;01/08/2016;209;2174;NON;ND;ND;NON;ND;01/03/2018;1,15;2,3;4,6;6,9;9,2;13,8;18,4;31,6;35,6;39,6;39,6;39,6;39,6;39,6;0;ND;ND;ND;ND;ND;1087;33;ND;79;225;822;ND;2020-05-01;ND;ND;ND;ND;NON;ND;ND;NON;ND;2714;NON;NON;ND;651032.7565;6860328.3785;;;;;;;"{""type"": ""Point"", ""coordinates"": [2.332711617545537, 48.841081238088584]}";48.8410812381,2.33271161755
75;CHAMPAGNY;15/M RUE CASIMIR PÉRIER;15 M RUE CASIMIR PERIER;7;SAEMES;WWW.SAEMES.FR;0144829999;190;;ABONNES;POUR ABONNES;NON;NON;NON;NON;NON;01/07/2019;ND;3450;NON;ND;ND;NON;ND;ND;ND;ND;ND;ND;ND;ND;ND;ND;ND;ND;ND;ND;ND;ND;0;ND;ND;ND;ND;ND;ND;0;ND;ND;ND;ND;ND;2020-05-01;ND;ND;ND;ND;NON;ND;ND;NON;ND;3450;NON;NON;ND;650068.5712;6862211.2327;;;;;;;"{""type"": ""Point"", ""coordinates"": [2.319365061405652, 48.8580705574445]}";48.8580705574,2.31936506141
3;ECOLE DE MEDECINE;8 TER RUE DE L'ÉCOLE DE MÉDECINE;8 TER RUE DE L ECOLE DE MEDECINE;6;SAEMES;WWW.SAEMES.FR;0143296138;190;;VISITEURS ET ABONNES;24h / 24;OUI;OUI;OUI;OUI;OUI;01/07/2019;276;2799;OUI;1683;2239;NON;ND;01/01/2019;1,05;2,1;4,2;6,3;8,4;12,6;16,8;29,4;33,6;37,8;37,8;37,8;37,8;37,8;6;138;393;1399;345;983;3498;17;1,45;96;273.6;960;17;2020-05-01;4E 5E 5F 5G 5H 5J 6E 6F 6G 7L 7M 7N;0,4;0,75;13,05;NON;ND;ND;NON;ND;3498;NON;NON;ND;651631.5412;6861411.8185;;;;;;;"{""type"": ""Point"", ""coordinates"": [2.341119515297631, 48.850962062732364]}";48.8509620627,2.3411195153
164;MALESHERBES ANJOU;20 TER ET 35 TER BOULEVARD MALESHERBES;35 TER BOULEVARD MALESHERBES;8;SAGS;WWW.SAGS.FR;0142650611;190;;VISITEURS ET ABONNES;24h / 24;NON;OUI;NON;NON;NON;01/01/2020;289;2890;OUI;1617;2310;NON;ND;01/01/2020;1;2,05;4,1;6,15;8,2;12,3;16,4;28,7;32,8;36,9;36,9;36,9;36,9;36,9;0;144,5;404;1445;144,5;404;1445;16;1,4;101.15;282.8;1011.5;10;2020-05-01;1E 2E 8H 8J 8K 8L;0,35;0,7;12,6;OUI;565,95;808,5;NON;ND;3612.5;NON;NON;ND;650184.0352;6863888.2504;;;;;;;"{""type"": ""Point"", ""coordinates"": [2.320924800967862, 48.87311760357848]}";48.8731176036,2.32092480097
46;LOUVRE SAMARITAINE;7 PLACE DU LOUVRE;7 PLACE DU LOUVRE;1;INDIGO;WWW.PARKINDIGO.FR;0142601914;190;;VISITEURS ET ABONNES;24h / 24;OUI;OUI;OUI;OUI;NON;01/01/2019;280;2800;OUI;1074,35;2240;NON;ND;01/01/2019;1,1;2,2;4,5;6,7;9;13,5;18;31,5;36;40,5;40,5;40,5;40,5;40,5;13;140;390,5;1400;140;390,5;1400;43;1,55;98;273.35;980;10;2020-05-01;1E;0,4;0,8;13,95;OUI;376,3;784;NON;ND;3500;NON;NON;ND;651616.2079;6862348.4311;;;;;;;"{""type"": ""Point"", ""coordinates"": [2.340529381399467, 48.859484827283616]}";48.8594848273,2.3405293814
73;DAMREMONT;73  TER RUE DAMREMONT;73 TER RUE DAMREMONT;18;SAEMES;WWW.SAEMES.FR;0144829999;220;;ABONNES;POUR ABONNES;NON;OUI;NON;NON;OUI;01/07/2019;222;2158;NON;ND;ND;NON;ND;ND;ND;ND;ND;ND;ND;ND;ND;ND;ND;ND;ND;ND;ND;ND;0;ND;ND;ND;ND;ND;ND;9;ND;ND;222;863;ND;2020-05-01;ND;ND;ND;ND;NON;ND;ND;NON;ND;2158;NON;NON;ND;651292.9268;6866078.3552;;;;;;;"{""type"": ""Point"", ""coordinates"": [2.335754833509712, 48.89288997458554]}";48.8928899746,2.33575483351
49;PORTE DE VERSAILLES;40 TER BOULEVARD VICTOR;40 TER BOULEVARD VICTOR;15;SAGS;WWW.SAGS.FR;0153684609;190;;VISITEURS ET ABONNES;24h / 24;OUI;OUI;OUI;OUI;OUI;01/02/2020;225;2250;OUI;1350;1800;NON;ND;01/03/2019;1,1;2,2;4,6;6,8;9,2;13,8;18,4;32,2;36,8;41,4;46;46;46;46;10;112,5;314,5;1125;112,5;314,5;1125;20;1,6;78.75;220.15;787.5;ND;2020-05-01;15N 15P 15S 15T 15U 15V 15W 15X;0,3;0,7;16;OUI;472,5;630;NON;ND;2812.5;NON;NON;ND;647544.864;6859525.24;;;;;;;"{""type"": ""Point"", ""coordinates"": [2.285401680970324, 48.833645443461585]}";48.8336454435,2.28540168097
130;FRANZ LISZT;32 TER RUE DES PETITS HÔTELS;32 TER RUE DES PETITS HOTELS;10;INDIGO;WWW.PARKINDIGO.FR;0140164101;190;;VISITEURS ET ABONNES;24h / 24;OUI;OUI;NON;NON;OUI;14/11/2017;235;2444;NON;ND;ND;NON;ND;01/03/2018;1,15;2,3;4,6;6,9;9,2;13,8;18,4;31,6;35,6;39,6;39,6;39,6;39,6;39,6;5;ND;ND;ND;ND;ND;1222;30;ND;80;226;827;ND;2020-05-01;ND;ND;ND;ND;NON;ND;ND;NON;ND;3058;NON;NON;ND;652526.8997;6864370.7621;;;;;;;"{""type"": ""Point"", ""coordinates"": [2.352654785907013, 48.87756475136808]}";48.8775647514,2.35265478591
65;PRONY;37 RUE DE PRONY;37 RUE DE PRONY;17;INDIGO;WWW.PARKINDIGO.FR;0143807381;190;;ABONNES;POUR ABONNES;NON;NON;NON;NON;NON;ND;ND;ND;NON;ND;ND;NON;ND;ND;ND;ND;ND;ND;ND;ND;ND;ND;ND;ND;ND;ND;ND;ND;0;ND;ND;ND;ND;ND;ND;0;ND;ND;ND;ND;ND;2020-05-01;ND;ND;ND;ND;NON;ND;ND;NON;ND;ND;OUI;NON;ND;649093.5449;6864832.8018;;;;;;;"{""type"": ""Point"", ""coordinates"": [2.305828400545979, 48.881584261978276]}";48.881584262,2.30582840055
31;HAUSSMANN BERRI;163 TER ET 164 TER BOULEVARD HAUSSMANN;163 TER BOULEVARD HAUSSMANN;8;SAEMES;WWW.SAEMES.FR;0145639462;190;;VISITEURS ET ABONNES;24h / 24;NON;OUI;NON;NON;OUI;01/06/2018;250;2500;OUI;1500;2000;NON;ND;01/01/2020;1,05;2,1;4,1;6,2;8,2;12,3;16,4;28,7;32,8;36,9;36,9;36,9;36,9;36,9;4;125;356,5;1250;125;356,5;1250;24;1,4;87;249;875;10;2020-05-01;8F 8G 8H 8J 17J 17K;0,35;0,7;12,6;OUI;525;700;NON;ND;3125;NON;NON;ND;649305.149;6864093.1246;;;;;;;"{""type"": ""Point"", ""coordinates"": [2.308628133343403, 48.874912335935264]}";48.8749123359,2.30862813334
159;ROND POINT DES CHAMPS ELYSEES;2/M ROND-POINT DES CHAMPS ÉLYSÉES-MARCEL DASSAULT;2 M ROND POINT DES CHAMPS ELYSEES MARCEL DASSAULT;8;INDIGO;WWW.PARKINDIGO.FR;0142250483;190;;VISITEURS ET ABONNES;24h / 24;OUI, MAIS TRAVAUX D'ACCESSIBILITE AUX HANDICAPES A REALISER;OUI;OUI;OUI;NON;01/08/2016;260;2704;NON;ND;;OUI;1892,8;01/09/2016;1,2;2,4;4,8;7,2;9,6;14,4;19,2;33,6;38,4;39,6;39,6;39,6;39,6;39,6;12;130;370,5;1352;130;370,5;1352;35;1,6;91;259.4;947;12,4;2020-05-01;ND;0,4;0,8;13,6;NON;;;NON;;3256.9;NON;NON;ND;649454.5665;6863510.4723;;;;;;;"{""type"": ""Point"", ""coordinates"": [2.311020548034966, 48.86932916229089]}";48.8693291623,2.31102054803
10;LUTECE;1 TER BOULEVARD DU PALAIS;1 TER BOULEVARD DU PALAIS;4;INDIGO;WWW.PARKINDIGO.FR;0140469561;190;;VISITEURS ET ABONNES;24h / 24;OUI, MAIS TRAVAUX D'ACCESSIBILITE AUX HANDICAPES A REALISER;OUI;OUI;NON;OUI;20/12/2018;250;2600;OUI;1500;2000;NON;ND;20/12/2018;1;2;4;6;8;12;16;28;32;36;36;36;36;36;0;125;356,25;1300;125;356,25;1300;9;1,4;87.5;249.4;910;10;2020-05-01;1E 4E 5G 5H 5J 6E 34F;0,35;0,7;12,6;OUI;525;700;NON;ND;3125;NON;NON;ND;652011.3377;6861876.3163;;;;;;;"{""type"": ""Point"", ""coordinates"": [2.346124536554887, 48.855434939026765]}";48.855434939,2.34612453655
155;SEVRES BABYLONE;1 BIS RUE DE BABYLONE;1 BIS RUE DE BABYLONE;7;INDIGO;WWW.PARKINDIGO.FR;0145484330;190;;VISITEURS ET ABONNES;24h / 24;OUI;OUI;OUI;OUI;NON;19/12/2015;290;2900;OUI;1620;2160;NON;ND;19/12/2015;1;2;4;6;8;12;16;28;32;36;36;36;36;36;18;145;406;1450;145;406;1450;40;1,4;101.5;406;1450;10;2020-05-01;6E 6F 7M 7N 7L;0,35;0,7;12,6;OUI;567;756;NON;ND;3625;NON;NON;ND;650477.9353;6861516.1083;;;;;;;"{""type"": ""Point"", ""coordinates"": [2.324956372304953, 48.851594314356795]}";48.8515943144,2.3249563723
51;PORTE D ORLEANS;7 RUE DE LA LÉGION ÉTRANGÈRE ET 8 AVENUE DE LA PORTE D'ORLÉANS;7 RUE DE LA LEGION ETRANGERE;14;SAEMES;WWW.SAEMES.FR;0140520920;185;260;VISITEURS ET ABONNES;24h / 24;OUI, MAIS TRAVAUX D'ACCESSIBILITE AUX HANDICAPES A REALISER;OUI;OUI;OUI;OUI;01/07/2019;144;1440;OUI;864;1152;NON;ND;01/07/2019;0,9;1,8;3,6;5,4;7,2;10,8;14,4;25,2;28,8;32,4;32,4;32,4;32,4;32,4;14;72;201;720;72;201;720;24;1,25;50.4;141;504;ND;2020-05-01;TOUT PARIS;0,35;0,65;11,25;OUI;302,2;403;NON;ND;1820;NON;OUI;75;650429.8431;6858119.8293;;;;;;;"{""type"": ""Point"", ""coordinates"": [2.324596411448864, 48.82087154794652]}";48.8208715479,2.32459641145
147;SEBASTOPOL;37 TER BOULEVARD SÉBASTOPOL;37 TER BOULEVARD SEBASTOPOL;1;INDIGO;WWW.PARKINDIGO.FR;0140130065;190;;VISITEURS ET ABONNES;24h / 24;OUI, MAIS TRAVAUX D'ACCESSIBILITE AUX HANDICAPES A REALISER;OUI;NON;OUI;NON;01/08/2016;245;2448;NON;ND;ND;OUI;1714;01/09/2016;1,1;2,2;4,4;6,6;8,8;13,2;17,6;30,8;35,2;39,6;39,6;39,6;39,6;39,6;12;ND;ND;ND;123;318;1224;72;ND;72;206;728;ND;2020-05-01;1E 2E 3E 4E;ND;ND;ND;NON;ND;ND;NON;ND;3178;NON;NON;ND;652266.1102;6862527.864;;;;;;;"{""type"": ""Point"", ""coordinates"": [2.34947376177817, 48.86098903383876]}";48.8609890338,2.34947376178
175;SOUFFLOT;18/M ET 19 TER RUE SOUFFLOT;19 TER RUE SOUFFLOT;5;INDIGO;WWW.PARKINDIGO.FR;0143261554;190;;VISITEURS ET ABONNES;24h / 24;OUI;OUI;OUI;OUI;OUI;01/08/2016;239;2486;NON;ND;ND;NON;ND;01/01/2017;1,05;2,1;4,2;6,3;8,4;12,6;16,8;29,4;33,6;37,8;37,8;37,8;37,8;37,8;2;119,5;341;1243;119,5;341;1243;32;1,2;83.6;238.7;870.1;10,1;2020-05-01;ND;0,3;0,6;10,8;NON;ND;ND;NON;ND;3077;NON;NON;ND;651671.8227;6860981.0898;;;;;;;"{""type"": ""Point"", ""coordinates"": [2.341541228729842, 48.847106295509285]}";48.8471062955,2.34154122873
81;ANDRE HONNORAT;8 BIS RUE AUGUSTE COMTE;8 BIS RUE AUGUSTE COMTE;6;SAEMES;WWW.SAEMES.FR;0144829999;190;;ABONNES;POUR ABONNES;NON;OUI;NON;NON;NON;01/07/2019;ND;3476;NON;ND;ND;NON;ND;ND;ND;ND;ND;ND;ND;ND;ND;ND;ND;ND;ND;ND;ND;ND;0;ND;ND;ND;ND;ND;ND;3;ND;145;369;1391;ND;2020-05-01;ND;ND;ND;ND;NON;ND;ND;NON;ND;3476;NON;NON;ND;651432.1722;6860669.7191;;;;;;;"{""type"": ""Point"", ""coordinates"": [2.337975458591694, 48.844220593748126]}";48.8442205937,2.33797545859
24;CONCORDE;12 PLACE DE LA CONCORDE;12 PLACE DE LA CONCORDE;8;INDIGO;WWW.PARKINDIGO.FR;0143128070;190;;VISITEURS ET ABONNES;24h / 24;NON;OUI;OUI;OUI;NON;01/08/2016;233;2342;OUI;1404;1872;NON;ND;01/07/2015;1,1;2,2;4,4;6,6;8,8;13,2;17,6;30,8;35,2;39,6;39,6;39,6;39,6;39,6;10;116,5;332;1171;116,5;332;1171;17;1,2;71;202;732;10,4;2020-05-01;1E 2E 7G 7L 8E 8H 9G;0,3;0,6;11;NON;ND;ND;NON;ND;2937.6;NON;NON;ND;650147.3038;6863252.5609;;;;;;;"{""type"": ""Point"", ""coordinates"": [2.320346271854328, 48.86691872059197]}";48.8669187206,2.32034627185
25;LOBAU;2 QUATER ET 5 TER RUE DE LOBAU;2 QUATER RUE DE LOBAU;4;SAGS;WWW.SAGS.FR;0142778853;190;;VISITEURS ET ABONNES;24h / 24;OUI, MAIS TRAVAUX D'ACCESSIBILITE AUX HANDICAPES A REALISER;OUI;OUI;OUI;OUI;26/02/2020;250;2500;OUI;1400;2000;NON;ND;26/02/2020;1,05;2,1;4,2;6,3;8,4;12,6;16,8;29,4;33,6;37,8;37,8;37,8;37,8;37,8;17;125;350;1250;195;546;1950;132;1,45;87.5;245;875;10;2020-05-01;1E 2E 3E 4E 5G 5J 6E 11G 34F;0,4;0,75;13,05;OUI;490;700;NON;ND;3125;NON;NON;ND;652582.131;6862019.1125;;;;;;;"{""type"": ""Point"", ""coordinates"": [2.35341240086083, 48.85610202822413]}";48.8561020282,2.35341240086
38;PORTE DE CLIGNANCOURT;20 TER AVENUE DE LA PORTE DE CLIGNANCOURT;20 TER AVENUE DE LA PORTE DE CLIGNANCOURT;18;SAGS;WWW.SAGS.FR;0142640382;190;230;VISITEURS ET ABONNES;24h / 24;OUI;OUI;OUI;OUI;NON;01/02/2020;111;1110;OUI;444;888;NON;ND;01/03/2019;0,8;1,6;3,4;5;6,8;10,2;13,6;22,4;23,2;24;24;24;24;24;11;55,5;155;555;55,5;155;555;33;1,2;38.85;108.5;388.5;10;2020-05-01;18E 18F 18G 18H 18J 18K 18L 18M 18N 18P 18R 18S 18T;0,25;0,5;8,4;OUI;155,4;310,8;NON;ND;1390;NON;NON;ND;651950.991;6866858.0397;;;;;;;"{""type"": ""Point"", ""coordinates"": [2.344528193008224, 48.8996087219351]}";48.8996087219,2.34452819301
140;MARCEAU ETOILE;75 TER AVENUE MARCEAU;75 TER AVENUE MARCEAU;16;Q PARK;WWW.Q-PARK.FR;0140701010;190;;VISITEURS ET ABONNES;24h / 24;OUI;OUI;NON;OUI;NON;01/01/2020;325;3150;NON;ND;ND;OUI;2200;01/01/2020;1,4;2,8;5,6;8,4;11,2;16,8;22,4;39,2;44,8;44,8;44,8;44,8;44,8;44,8;10;ND;ND;ND;135;ND;1575;10;ND;150;415;1170;ND;2020-05-01;8E 8F 8G 8H 8J 16E 16F 16G 16H 16I 16J 17E;ND;ND;ND;NON;ND;ND;NON;ND;4561;NON;NON;ND;648415.6377;6863722.0809;;;;;;;"{""type"": ""Point"", ""coordinates"": [2.296885925867585, 48.871471292507586]}";48.8714712925,2.29688592587
183;LOBAU;2 QUATER ET 5 TER RUE DE LOBAU;5 TER RUE DE LOBAU;4;SAGS;WWW.SAGS.FR;0142778853;190;;VISITEURS ET ABONNES;24h / 24;OUI, MAIS TRAVAUX D'ACCESSIBILITE AUX HANDICAPES A REALISER;OUI;OUI;OUI;OUI;26/02/2020;250;2500;OUI;1400;2000;NON;ND;26/02/2020;1,05;2,1;4,2;6,3;8,4;12,6;16,8;29,4;33,6;37,8;37,8;37,8;37,8;37,8;17;125;350;1250;195;546;1950;132;1,45;87.5;245;875;10;2020-05-01;1E 2E 3E 4E 5G 5J 6E 11G 34F;0,4;0,75;13,05;OUI;490;700;NON;ND;3125;NON;NON;ND;652544.241;6862033.056;;;;;;;"{""type"": ""Point"", ""coordinates"": [2.353538028874228, 48.85681585468497]}";48.8568158547,2.35353802887
30;MADELEINE TRONCHET;21/M PLACE DE LA MADELEINE;21 M PLACE DE LA MADELEINE;8;SAEMES;WWW.SAEMES.FR;0147423086;190;;VISITEURS ET ABONNES;24h / 24;OUI;OUI;OUI;OUI;OUI;25/01/2020;280;2800;OUI;1680;2240;NON;ND;25/01/2020;1,05;2,1;4,2;6,3;8,4;12,6;16,8;29,4;33,6;37,8;37,8;37,8;37,8;37,8;20;140;392;1400;140;392;1400;153;1,45;98;274;980;10;2020-05-01;1E 2E 8E 8F 8G 8H 8J 8K 8L 9E 9G;0,4;0,75;13,05;OUI;588;784;NON;ND;3500;NON;NON;ND;650413.1329;6863625.6276;;;;;;;"{""type"": ""Point"", ""coordinates"": [2.324427321442904, 48.87086834831828]}";48.8708683483,2.32442732144
22;PORTE D AUTEUIL;8 AVENUE DU GÉNÉRAL SARRAIL;8 AVENUE DU GENERAL SARRAIL;16;SAEMES;WWW.SAEMES.FR;0146519018;185;;VISITEURS ET ABONNES;24h / 24;OUI;OUI;OUI;OUI;NON;21/10/2019;150;1500;OUI;900;1200;NON;ND;21/10/2019;1;2;4;6;8;12;16;28;32;36;36;36;36;36;23;75;212,5;750;75;212,5;750;27;1,4;52;148;525;10;2020-05-01;16R 16S 16T 16U 16V 16W 16X 16Y 16Z;0,35;0,7;12,6;OUI;315;420;NON;ND;1880;NON;NON;ND;645404.0842;6860973.7039;;;;;;;"{""type"": ""Point"", ""coordinates"": [2.256169975921073, 48.84657095674263]}";48.8465709567,2.25616997592
153;UNIVERSITE DIDEROT (RIVE GAUCHE);29 QUATER RUE THOMAS MANN;29 QUATER RUE THOMAS MANN;13;INDIGO;WWW.PARKINDIGO.FR;0144066050;190;;VISITEURS ET ABONNES;24h / 24;OUI;OUI;OUI;OUI;OUI;01/09/2016;183;1830;OUI;878,4;1464;NON;ND;01/09/2016;0,8;1,6;3,2;4,8;6,4;9,6;12,8;22,4;25,6;28,8;28,8;28,8;28,8;28,8;12;92;256;915;92;256;915;32;0,8;64;179;641;10;2020-05-01;TOUT PARIS;0,2;0,4;7,2;OUI;307,2;512;NON;ND;2968;NON;OUI;75;654407.857;6858995.124;;;;;;;"{""type"": ""Point"", ""coordinates"": [2.378907649535128, 48.8294345931454]}";48.8294345931,2.37890764954
157;FREMICOURT;13 TER RUE FRÉMICOURT;13 TER RUE FREMICOURT;15;INDIGO;WWW.PARKINDIGO.FR;0145484330;210;;ABONNES;POUR ABONNES;OUI;OUI;NON;OUI;NON;01/09/2016;203;2111;OUI;1266,6;1688,8;NON;ND;ND;ND;ND;ND;ND;ND;ND;ND;ND;ND;ND;ND;ND;ND;ND;5;101,5;289,3;1055,5;101,5;289,3;1055,5;31;ND;71;202.4;738.4;11;2020-05-01;15E 15F 15G 15K 15L 15M 15P;ND;ND;ND;NON;ND;ND;NON;ND;2746;NON;NON;ND;648420.464;6861042.676;;;;;;;"{""type"": ""Point"", ""coordinates"": [2.297396231129281, 48.8473422067491]}";48.8473422067,2.29739623113
77;LAGRANGE MAUBERT;19 TER RUE LAGRANGE;19 TER RUE LAGRANGE;5;SAEMES;WWW.SAEMES.FR;0143258447;185;;VISITEURS ET ABONNES;24h / 24;PREVU;OUI;OUI;OUI;OUI;01/01/2020;260;2600;OUI;1410;2015;NON;ND;01/01/2020;1,05;2,1;4,2;6,3;8,4;12,6;16,8;29,4;33,6;37,8;37,8;37,8;37,8;37,8;8;130;364;1300;163;455;1630;18;1,45;91;254.8;910;11;2020-05-01;1E 4E 5E 5F 5G 5H 5J 6E 6G;0,4;0,75;13,05;OUI;493;705;NON;ND;3260;NON;NON;ND;652202.7385;6861376.9162;;;;;;;"{""type"": ""Point"", ""coordinates"": [2.34863923327172, 48.85054323608684]}";48.8505432361,2.34863923327
72;MAIRIE DU 17 EME;20 RUE DES BATIGNOLLES;20 RUE DES BATIGNOLLES;17;SAEMES;WWW.SAEMES.FR;0153043010;180;;VISITEURS ET ABONNES;24h / 24;OUI, MAIS TRAVAUX D'ACCESSIBILITE AUX HANDICAPES A REALISER;OUI;OUI;OUI;OUI;01/07/2019;231;2310;NON;ND;ND;NON;ND;01/07/2019;1,05;2,1;4,1;6,2;8,2;12,3;16,4;28,7;32,8;36,9;36,9;36,9;36,9;36,9;5;ND;ND;ND;ND;ND;ND;37;1,5;92;250;920;16;2020-05-01;ND;0,4;0,8;13;NON;ND;ND;OUI;696;2880;NON;NON;ND;650251.6766;6865168.8881;;;;;;;"{""type"": ""Point"", ""coordinates"": [2.321457354860365, 48.88469687078791]}";48.8846968708,2.32145735486
116;RIVOLI SEBASTOPOL;5 TER RUE PERNELLE;5 TER RUE PERNELLE;4;SAEMES;WWW.SAEMES.FR;0142722993;185;;VISITEURS ET ABONNES;24h / 24;NON;OUI;OUI;OUI;NON;01/07/2019;250;2500;NON;ND;ND;OUI;1750;01/07/2019;1,1;2,2;4,3;6,5;8,6;12,9;17,2;30,1;34,4;38,7;38,7;38,7;38,7;38,7;3;ND;ND;ND;125;319;1250;17;1,5;100;255;1000;ND;2020-05-01;1E 2E 3E 4E 34F 5G 5J;0,4;0,75;13,5;NON;ND;ND;OUI;750;3287;NON;NON;ND;652332.3711;6862237.7104;;;;;;;"{""type"": ""Point"", ""coordinates"": [2.349448618567293, 48.85856476978464]}";48.8585647698,2.34944861857
160;SAINT GERMAIN DES PRES;169 TER BOULEVARD SAINT GERMAIN;169 TER BOULEVARD SAINT GERMAIN;6;INDIGO;WWW.PARKINDIGO.FR;0145491855;190;;VISITEURS ET ABONNES;24h / 24;OUI;OUI;NON;OUI;OUI;01/08/2016;310;3224;NON;ND;ND;NON;ND;01/09/2016;1,2;2,4;4,8;7,2;9,6;14,4;19,2;33,6;38,4;39,6;39,6;39,6;39,6;39,6;17;ND;ND;ND;ND;ND;1612;19;ND;138;368;1435;ND;2020-05-01;ND;ND;ND;ND;NON;ND;ND;NON;ND;ND;NON;NON;ND;650918.1711;6861771.406;;;;;;;"{""type"": ""Point"", ""coordinates"": [2.331134070266244, 48.85420487956506]}";48.8542048796,2.33113407027
139;SAINT MICHEL;5 PLACE SAINT-ANDRÉ DES ARTS;5 PLACE SAINT ANDRE DES ARTS;6;INDIGO;WWW.PARKINDIGO.FR;0156244432;190;;VISITEURS ET ABONNES;24h / 24;OUI;OUI;OUI;OUI;OUI;01/08/2016;335;3484;OUI;2090,4;2787,2;NON;ND;01/01/2017;1,15;2,3;4,6;6,9;9,2;13,8;18,4;32,2;36,8;39,6;39,6;39,6;39,6;39,6;9;167,5;478;1742;167,5;478;1742;10;1,6;117.25;334.1;1219.4;10,1;2020-05-01;5H 5J 6E 6G;0,4;0,8;13,6;OUI;731,64;975,52;NON;ND;4355;NON;NON;ND;651819.7158;6861635.332;;;;;;;"{""type"": ""Point"", ""coordinates"": [2.343320276869818, 48.852923427167056]}";48.8529234272,2.34332027687
63;SUFFREN;8 TER PLACE JOFFRE;8 TER PLACE JOFFRE;7;INDIGO;WWW.PARKINDIGO.FR;0145484330;190;;ABONNES;POUR ABONNES;NON;NON;NON;NON;NON;ND;ND;ND;NON;ND;ND;NON;ND;ND;ND;ND;ND;ND;ND;ND;ND;ND;ND;ND;ND;ND;ND;ND;0;ND;ND;ND;ND;ND;ND;0;ND;ND;ND;ND;ND;2020-05-01;ND;ND;ND;ND;NON;ND;ND;NON;ND;ND;OUI;NON;ND;648856.503;6861709.344;;;;;;;"{""type"": ""Point"", ""coordinates"": [2.301871377960083, 48.85200090722816]}";48.8520009072,2.30187137796
173;TERNES;4, 38 ET 61 AVENUE DES TERNES;59 TER AVENUE DES TERNES;17;INDIGO;WWW.PARKINDIGO.FR;0145721761;185;;VISITEURS ET ABONNES;24h / 24;OUI, MAIS TRAVAUX D'ACCESSIBILITE AUX HANDICAPES A REALISER;OUI;OUI;OUI;NON;01/01/2019;240;2400;OUI;1046,5;1744,5;NON;ND;01/01/2019;1,05;2,1;4,2;6,3;8,4;12,6;16,8;29,4;33,6;37,8;37,8;37,8;37,8;37,8;22;120;336;1200;120;336;1200;100;1,45;84;235.2;840;10;2020-05-01;8F 8G 16E 16F 16G 17E 17F 17G 17H 17J 17L 17M 17N;0,4;0,75;13,05;OUI;366;610,5;NON;ND;3000;NON;NON;ND;648042.7582;6864573.0044;;;;;;;"{""type"": ""Point"", ""coordinates"": [2.291696608759607, 48.879114825040595]}";48.879114825,2.29169660876
S0103;PORTE DAUTEUIL;2 TER AVENUE DU GÉNÉRAL SARRAIL;2 TER AVENUE DU GENERAL SARRAIL;16;SAEMES;;;;;;;;;;;;;;;;;;;;;;;;;;;;;;;;;;;;;;;;;;;;;;;;;;;;;;;;;;;;;;;;;;;;;;"{""type"": ""Point"", ""coordinates"": [2.256365978843212, 48.84705713010088]}";48.8470571301,2.25636597884
124;BAUDOYER;25 TER RUE DE RIVOLI;25 TER RUE DE RIVOLI;4;REALPARK S.A.;WWW.REALPARK.FR;0144171819;195;;VISITEURS ET ABONNES;24h / 24;OUI;OUI;OUI;NON;NON;01/03/2014;249;2500;NON;ND;ND;NON;ND;01/05/2019;1,1;2,2;4,6;6,8;9,2;14;18,8;32,4;36;39,6;39,6;39,6;39,6;39,6;6;ND;ND;ND;ND;ND;ND;11;ND;100;ND;ND;ND;2020-05-01;ND;ND;ND;ND;NON;ND;ND;NON;ND;3540;NON;NON;ND;652682.0008;6861991.8726;;;;;;;"{""type"": ""Point"", ""coordinates"": [2.355399967119715, 48.85647693119608]}";48.8564769312,2.35539996712
34;CITROEN CEVENNES;45 BIS RUE LEBLANC;45 BIS RUE LEBLANC;15;INDIGO;WWW.PARKINDIGO.FR;0145573269;190;;VISITEURS ET ABONNES;24h / 24;OUI;OUI;OUI;NON;NON;01/08/2016;199;2070;OUI;1240,5;1654;NON;ND;01/01/2017;0,85;1,7;3,4;5,1;6,8;10,2;13,6;23,8;27,2;30,6;30,6;30,6;30,6;30,6;12;99,5;284;1035;99,5;284;1035;18;0,8;70;200;728;10;2020-05-01;15M 15N 15P 15W 15X;0,2;0,4;7,2;OUI;436,5;582;NON;ND;2588;NON;NON;ND;646885.427;6860116.672;;;;;;;"{""type"": ""Point"", ""coordinates"": [2.276336882528523, 48.83875403200656]}";48.838754032,2.27633688253
7;HOTEL DE VILLE;6 TER QUAI DE GESVRES;6 TER QUAI DE GESVRES;4;SAEMES;WWW.SAEMES.FR;0142715196;180;;VISITEURS ET ABONNES;24h / 24;OUI;OUI;OUI;OUI;OUI;01/01/2020;270;2700;OUI;1620;2160;NON;ND;01/01/2020;1,1;2,2;4,3;6,5;8,6;12,9;17,2;30,1;34,4;38,7;38,7;38,7;38,7;38,7;10;135;385;1350;135;385;1350;75;1,5;94.5;269.5;945;16;2020-05-01;1E 2E 3E 4E 34F 5G 5J 6E 11G;0,4;0,8;13,5;NON;ND;ND;OUI;661;3510;NON;NON;ND;652256.0057;6862051.3556;;;;;;;"{""type"": ""Point"", ""coordinates"": [2.349560843888744, 48.856587671835165]}";48.8565876718,2.34956084389
47;REUILLY DIDEROT;30 TER RUE DE REUILLY;30 TER RUE DE REUILLY;12;SAEMES;WWW.SAEMES.FR;0143458121;185;350;VISITEURS ET ABONNES;24h / 24;OUI, MAIS TRAVAUX D'ACCESSIBILITE AUX HANDICAPES A REALISER;OUI;OUI;OUI;OUI;01/07/2019;186;1943;NON;ND;ND;OUI;1554;01/07/2019;1,05;2,1;4,1;6,2;8,2;12,3;16,4;28,7;32,8;36,9;36,9;36,9;36,9;36,9;3;ND;ND;ND;93;260;971;5;1,4;74;206;777;16;2020-05-01;12E 12G 12H 12J 12M 12N 12P 12R 11K 11L;0,35;0,7;12,6;NON;ND;ND;OUI;583;2428;NON;NON;ND;655021.5243;6860894.1857;;;;;;;"{""type"": ""Point"", ""coordinates"": [2.387257397171251, 48.84654522400358]}";48.846545224,2.38725739717
187;JOFFRE;2 TER ET 6 TER PLACE JOFFRE, 14 AVENUE FRÉDÉRIC LE PLAY, 13 AVENUE ÉMILE ACOLLAS, 77 AVENUE DE SUFFREN;77 AVENUE DE SUFFREN;7;INDIGO;WWW.PARKINDIGO.FR;0145484330;190;;ABONNES;POUR ABONNES;ACCESSIBLE DE PLAIN PIED;NON;NON;NON;NON;ND;ND;ND;NON;ND;ND;NON;ND;ND;ND;ND;ND;ND;ND;ND;ND;ND;ND;ND;ND;ND;ND;ND;0;ND;ND;ND;ND;ND;ND;0;ND;ND;ND;ND;ND;2020-05-01;ND;ND;ND;ND;NON;ND;ND;NON;ND;ND;OUI;NON;ND;648682.1805;6861496.003;;;;;;;"{""type"": ""Point"", ""coordinates"": [2.300656792871296, 48.85146001526382]}";48.8514600153,2.30065679287
78;MARCADET;142 A RUE MARCADET;142 A RUE MARCADET;18;SAEMES;WWW.SAEMES.FR;0144829999;200;;ABONNES;POUR ABONNES;NON;OUI;NON;NON;NON;01/07/2019;197;1970;NON;ND;ND;NON;ND;ND;ND;ND;ND;ND;ND;ND;ND;ND;ND;ND;ND;ND;ND;ND;0;ND;ND;ND;ND;ND;ND;10;ND;79;213;788;ND;2020-05-01;ND;ND;ND;ND;NON;ND;ND;NON;ND;1970;NON;NON;ND;651526.081;6865905.5929;;;;;;;"{""type"": ""Point"", ""coordinates"": [2.339011912548043, 48.89130576432677]}";48.8913057643,2.33901191255
76;PATRIARCHES;42 TER RUE DAUBENTON;42 TER RUE DAUBENTON;5;INDIGO;WWW.PARKINDIGO.FR;0143374356;190;;VISITEURS ET ABONNES;24h / 24;OUI;OUI;OUI;OUI;NON;01/01/2019;290;2900;OUI;1740;2320;NON;ND;01/01/2018;1,1;2,2;4,4;6,6;8,8;13,2;17,6;30,8;35,2;39,6;39,6;39,6;39,6;39,6;7;145;406;1450;145;406;1450;20;1,5;101.5;284.2;1015;10;2020-05-01;5E 5F 5G 5H 5J 6E 6G 13H 13J 13K 14P;0,4;0,8;13,5;OUI;609;812;NON;ND;3625;NON;NON;ND;652372.6068;6860219.4177;;;;;;;"{""type"": ""Point"", ""coordinates"": [2.350888660206413, 48.84034383437655]}";48.8403438344,2.35088866021
105;CARPEAUX;5 TER RUE CARPEAUX;5 TER RUE CARPEAUX;18;SAEMES;WWW.SAEMES.FR;0144829999;190;;ABONNES;POUR ABONNES;NON;OUI;NON;NON;NON;01/07/2019;180;1800;NON;ND;ND;NON;ND;ND;ND;ND;ND;ND;ND;ND;ND;ND;ND;ND;ND;ND;ND;ND;1;ND;ND;ND;ND;ND;ND;5;ND;72;198;720;ND;2020-05-01;ND;ND;ND;ND;NON;ND;ND;NON;ND;1800;NON;NON;ND;650857.805;6865802.8063;;;;;;;"{""type"": ""Point"", ""coordinates"": [2.329733464346948, 48.89029910637812]}";48.8902991064,2.32973346435
111;DIDOT;2 TER RUE DIDOT;2 TER RUE DIDOT;14;SAEMES;WWW.SAEMES.FR;0144829999;190;;ABONNES;POUR ABONNES;OUI;OUI;NON;NON;OUI;01/01/2020;173;1705;NON;ND;ND;NON;ND;ND;ND;ND;ND;ND;ND;ND;ND;ND;ND;ND;ND;ND;ND;ND;4;ND;219,5;ND;ND;ND;ND;15;ND;71;176;689;ND;2020-05-01;ND;ND;ND;ND;NON;ND;ND;NON;ND;1705;NON;NON;ND;650192.8852;6859530.4585;;;;;;;"{""type"": ""Point"", ""coordinates"": [2.321612684775102, 48.833997235512136]}";48.8339972355,2.32161268478
131;EURONORD LARIBOISIERE;10 TER RUE AMBROISE PARÉ;10 TER RUE AMBROISE PARE;10;INDIGO;WWW.PARKINDIGO.FR;0140164257;190;;VISITEURS ET ABONNES;24h / 24;OUI;OUI;OUI;NON;OUI;01/08/2016;206;2143;OUI;1285,5;1714;NON;ND;01/03/2018;1,15;2,3;4,6;6,9;9,2;13,8;18,4;31,6;35,6;39,6;39,6;39,6;39,6;39,6;10;103;294;1072;103;294;1072;32;1,6;72;206;750;10;2020-05-01;10E 10F 10G 19E 19F 19G 19H 19J 19K 19L 19M 19N 19P;0,4;0,8;13,8;OUI;450;600;NON;ND;2679;NON;NON;ND;652481.0187;6864848.9506;;;;;;;"{""type"": ""Point"", ""coordinates"": [2.352177004625138, 48.88204018065867]}";48.8820401807,2.35217700463
60;INVALIDES;24 RUE DE CONSTANTINE;24 RUE DE CONSTANTINE;7;INDIGO;WWW.PARKINDIGO.FR;0147053647;190;;VISITEURS ET ABONNES;24h / 24;NON;OUI;OUI;NON;NON;01/08/2016;250;2600;NON;ND;ND;OUI;1820;01/01/2017;1,15;2,3;4,6;6,9;9,2;13,8;18,4;32,2;36,8;39,6;39,6;39,6;39,6;39,6;3;125;356;1300;125;356;1300;26;1,6;88;250;910;10;2020-05-01;1E 7E 7F 7G 7H 7J 7K 7L 7M 7N 8E 16H;0,4;0,8;13,6;NON;ND;ND;OUI;637;3609;NON;NON;ND;649735.1488;6862363.2286;;;;;;;"{""type"": ""Point"", ""coordinates"": [2.314658515670791, 48.85928931776517]}";48.8592893178,2.31465851567
172;PORTE DE CHAMPERRET;6 TER AVENUE DE LA PORTE DE CHAMPERRET, 10 BOULEVARD DE L'YSER;6 TER AVENUE DE LA PORTE DE CHAMPERRET;17;INDIGO;WWW.PARKINDIGO.FR;0143807381;190;;VISITEURS ET ABONNES;24h / 24;OUI, MAIS TRAVAUX D'ACCESSIBILITE AUX HANDICAPES A REALISER;OUI;OUI;OUI;OUI;01/08/2016;148;1539;NON;ND;ND;OUI;1082;01/03/2018;1,05;2,1;4,2;6,3;8,4;12,6;16,8;28,8;32,4;36;36;36;36;36;30;ND;ND;ND;74;211;770;37;1,4;72;205;749;16;2020-05-01;17E 17F 17G 17H 17L 17M 17N;0,35;0,7;11,65;NON;ND;ND;OUI;520;1924;NON;OUI;75;647767.182;6865393.8;;;;;;;"{""type"": ""Point"", ""coordinates"": [2.287846074505454, 48.88630950798069]}";48.886309508,2.28784607451
64;PORTE MAILLOT;16 PLACE DE LA PORTE MAILLOT;16 PLACE DE LA PORTE MAILLOT;17;INDIGO;WWW.PARKINDIGO.FR;0140680011;190;;VISITEURS ET ABONNES;24h / 24;OUI, MAIS TRAVAUX D'ACCESSIBILITE AUX HANDICAPES A REALISER;OUI;NON;OUI;OUI;01/11/2019;200;2000;OUI;1120;1600;NON;ND;01/11/2019;1,1;2,2;4,4;6,6;8,8;13,2;17,6;30,8;35,2;39,6;39,6;39,6;39,6;39,6;40;100;280;1000;100;280;1000;9;1,5;70;196;700;10;2020-05-01;ND;0,35;0,75;13,5;OUI;392;560;NON;ND;ND;NON;OUI;75;647380.2712;6864575.3494;;;;;;;"{""type"": ""Point"", ""coordinates"": [2.282262740560642, 48.878737077371966]}";48.8787370774,2.28226274056
57;SAINT SULPICE (GARAGE);8/M PLACE SAINT SULPICE;8 M PLACE SAINT SULPICE;6;INDIGO;WWW.PARKINDIGO.FR;0143254557;190;;ABONNES;POUR ABONNES;OUI;OUI;NON;NON;NON;05/10/2019;345;3588;OUI;1950;2600;OUI;2600;ND;ND;ND;ND;ND;ND;ND;ND;ND;ND;ND;ND;ND;ND;ND;0;172,5;491,75;1794;172,5;491,75;1794;5;ND;120.75;344.22;1255.8;10;2020-05-01;1E 4E 5E 5H 5J 6E 6F 6G 7L 7M 7N;ND;ND;ND;OUI;682,5;910;NON;910;4573.6;NON;NON;ND;651100.2601;6861472.5821;;;;;;;"{""type"": ""Point"", ""coordinates"": [2.333554002453038, 48.85119180534167]}";48.8511918053,2.33355400245
45;MONTHOLON;3 M RUE MAYRAN;3 M RUE MAYRAN;9;INDIGO;WWW.PARKINDIGO.FR;0142853757;190;;VISITEURS ET ABONNES;24h / 24;OUI;OUI;OUI;OUI;OUI;01/09/2016;235;2350;OUI;1233,75;1645;NON;ND;01/01/2019;1;2;4;6;8;12;16;28;32;36;36;36;36;36;9;118;329;1175;118;329;1175;37;1,4;109;383;1089;10;2020-05-01;9E 9F 9G 10F 10G;0,35;0,7;12,6;OUI;432;576;NON;ND;3111;NON;NON;ND;652017.6411;6864292.8454;;;;;;;"{""type"": ""Point"", ""coordinates"": [2.345950700865596, 48.876874217674995]}";48.8768742177,2.34595070087
168;PICPUS NATION;65/M ET 77/M BOULEVARD DE PICPUS;77 M BOULEVARD DE PICPUS;12;INDIGO;WWW.PARKINDIGO.FR;0146286047;190;;VISITEURS ET ABONNES;24h / 24;OUI, MAIS TRAVAUX D'ACCESSIBILITE AUX HANDICAPES A REALISER;OUI;OUI;OUI;OUI;01/08/2016;124;1290;NON;ND;ND;OUI;1188;01/08/2016;0,75;1,5;3;4,5;6;9;12;21;24;27;27;27;27;27;18;62;177;645;62;177;645;32;0,8;43;124;452;10;2020-05-01;11E 11F 11G 11H 11J 11K 11L 12E 12G 12H 12J 12M 12N 12P 12R 20E 20F 20G 20H 20J 20K 20L 20M 20N 20P 20R;0,2;0,4;7,2;NON;ND;ND;NON;ND;1613;NON;NON;ND;655898.73;6860944.3827;;;;;;;"{""type"": ""Point"", ""coordinates"": [2.399144239603837, 48.84715452380655]}";48.8471545238,2.3991442396
14;BERGSON;18 RUE DE LABORDE;18 RUE DE LABORDE;8;SAEMES;WWW.SAEMES.FR;0145228496;190;;VISITEURS ET ABONNES;24h / 24;PREVU;OUI;NON;NON;OUI;01/05/2020;280;2800;OUI;1568;2240;NON;ND;01/05/2020;1,05;2,1;4,2;6,3;8,4;12,6;16,8;29,4;33,6;37,8;37,8;37,8;37,8;37,8;0;140;392;1400;140;392;1400;54;1,45;98;274;980;10;2020-05-01;8H 8J 8K 8L 9E 9G 17K 17R;0,35;0,7;13,05;OUI;548,8;784;NON;ND;3500;NON;NON;ND;650138.2307;6864185.8349;;;;;;;"{""type"": ""Point"", ""coordinates"": [2.320321517962457, 48.87575002382506]}";48.8757500238,2.32032151796
122;DELESSERT;11 TER RUE BEETHOVEN;11 TER RUE BEETHOVEN;16;SAEMES;WWW.SAEMES.FR;0144829999;195;;ABONNES;POUR ABONNES;NON;NON;NON;NON;NON;01/07/2019;349;3246;NON;ND;ND;NON;ND;ND;ND;ND;ND;ND;ND;ND;ND;ND;ND;ND;ND;ND;ND;ND;0;ND;ND;ND;ND;ND;ND;0;ND;ND;ND;ND;ND;2020-05-01;ND;ND;ND;ND;NON;ND;ND;NON;ND;3246;NON;NON;ND;647689.2286;6862298.9746;;;;;;;"{""type"": ""Point"", ""coordinates"": [2.287001857408698, 48.85865241797422]}";48.858652418,2.28700185741
118;GENERAL BEURET;31 TER RUE DU GÉNÉRAL BEURET;31 TER RUE DU GENERAL BEURET;15;SAEMES;WWW.SAEMES.FR;0144829999;185;;ABONNES;POUR ABONNES;NON;OUI;NON;NON;NON;01/07/2019;167;1737;NON;ND;ND;NON;ND;ND;ND;ND;ND;ND;ND;ND;ND;ND;ND;ND;ND;ND;ND;ND;1;ND;138;ND;ND;ND;ND;0;ND;ND;ND;ND;ND;2020-05-01;ND;ND;ND;ND;NON;ND;ND;NON;ND;1737;NON;NON;ND;648791.7875;6860241.6877;;;;;;;"{""type"": ""Point"", ""coordinates"": [2.302314930131351, 48.840257834003495]}";48.840257834,2.30231493013
52;PYRAMIDES;14 TER ET 29 TER RUE DES PYRAMIDES;14 TER RUE DES PYRAMIDES;1;SAEMES;WWW.SAEMES.FR;0147030288;190;;VISITEURS ET ABONNES;24h / 24;OUI;OUI;OUI;OUI;OUI;01/01/2020;276;2760;OUI;1552,5;2070;NON;ND;01/01/2020;1,05;2,1;4,2;6,3;8,4;12,6;16,8;29,4;33,6;37,8;37,8;37,8;37,8;37,8;12;138;379,5;1380;138;379,5;1380;46;1,45;96.6;265.6;966;10;2020-05-01;1E 2E;0,4;0,75;13,05;OUI;543;725;NON;ND;3453;NON;NON;ND;651087.7164;6862992.1655;;;;;;;"{""type"": ""Point"", ""coordinates"": [2.333187134079615, 48.865121717542145]}";48.8651217175,2.33318713408
177;PYRAMIDES;14 TER ET 29 TER RUE DES PYRAMIDES;29 TER RUE DES PYRAMIDES;1;SAEMES;WWW.SAEMES.FR;0147030288;190;;VISITEURS ET ABONNES;24h / 24;OUI;OUI;OUI;OUI;OUI;01/01/2020;276;2760;OUI;1552,5;2070;NON;ND;01/01/2020;1,05;2,1;4,2;6,3;8,4;12,6;16,8;29,4;33,6;37,8;37,8;37,8;37,8;37,8;12;138;379,5;1380;138;379,5;1380;46;1,45;96.6;265.6;966;10;2020-05-01;1E 2E;0,4;0,75;13,05;OUI;543;725;NON;ND;3453;NON;NON;ND;651126.3788;6863118.7397;;;;;;;"{""type"": ""Point"", ""coordinates"": [2.333890302438306, 48.86629609541009]}";48.8662960954,2.33389030244
186;JOFFRE;2 TER ET 6 TER PLACE JOFFRE, 14 AVENUE FRÉDÉRIC LE PLAY, 13 AVENUE ÉMILE ACOLLAS, 77 AVENUE DE SUFFREN;13 AVENUE EMILE ACOLLAS;7;INDIGO;WWW.PARKINDIGO.FR;0145484330;190;;ABONNES;POUR ABONNES;ACCESSIBLE DE PLAIN PIED;NON;NON;NON;NON;ND;ND;ND;NON;ND;ND;NON;ND;ND;ND;ND;ND;ND;ND;ND;ND;ND;ND;ND;ND;ND;ND;ND;0;ND;ND;ND;ND;ND;ND;0;ND;ND;ND;ND;ND;2020-05-01;ND;ND;ND;ND;NON;ND;ND;NON;ND;ND;OUI;NON;ND;648718.3792;6861544.0982;;;;;;;"{""type"": ""Point"", ""coordinates"": [2.301144270987128, 48.85189541260146]}";48.8518954126,2.30114427099
163;WATT (RIVE GAUCHE);50 RUE WATT;50 RUE WATT;13;INDIGO;WWW.PARKINDIGO.FR;0144066050;190;;ABONNES;POUR ABONNES;OUI;OUI;OUI;NON;NON;01/08/2016;89.5;895;OUI;429,6;716;NON;ND;ND;ND;ND;ND;ND;ND;ND;ND;ND;ND;ND;ND;ND;ND;ND;17;45;126;448;45;126;448;0;ND;31;87;310;5;2020-05-01;TOUT PARIS;ND;ND;ND;OUI;150,36;250,6;NON;ND;1455;NON;NON;ND;654369.6445;6858665.2972;;;;;;;"{""type"": ""Point"", ""coordinates"": [2.378636949986314, 48.82649584855386]}";48.8264958486,2.37863694999
188;MEDITERRANEE;24 ET 40 RUE DE CHÂLON;24 RUE DE CHALON;12;SAEMES;WWW.SAEMES.FR;0143074858;190;;VISITEURS ET ABONNES;24h / 24;OUI;OUI;OUI;OUI;NON;01/01/2020;299;2990;NON;ND;ND;NON;ND;01/01/2019;1,2;2,4;4,8;7,2;9,6;14,4;18,6;30,8;34,8;38,8;38,8;38,8;38,8;38,8;62;149,5;426;1495;149,5;426;1495;146;1,6;104.6;298.2;1046;10;2020-05-01;ND;0,4;0,8;13,5;NON;ND;ND;OUI;950;3730;NON;NON;ND;654278.054;6860643.835;;;;;;;"{""type"": ""Point"", ""coordinates"": [2.377129062575751, 48.8444517254073]}";48.8444517254,2.37712906258
17;PICPUS NATION;65/M ET 77/M BOULEVARD DE PICPUS;65 M BOULEVARD DE PICPUS;12;INDIGO;WWW.PARKINDIGO.FR;0146286047;190;;VISITEURS ET ABONNES;24h / 24;OUI, MAIS TRAVAUX D'ACCESSIBILITE AUX HANDICAPES A REALISER;OUI;OUI;OUI;OUI;01/08/2016;124;1290;NON;ND;ND;OUI;1188;01/08/2016;0,75;1,5;3;4,5;6;9;12;21;24;27;27;27;27;27;18;62;177;645;62;177;645;32;0,8;43;124;452;10;2020-05-01;11E 11F 11G 11H 11J 11K 11L 12E 12G 12H 12J 12M 12N 12P 12R 20E 20F 20G 20H 20J 20K 20L 20M 20N 20P 20R;0,2;0,4;7,2;NON;ND;ND;NON;ND;1613;NON;NON;ND;655961.0829;6860879.6579;;;;;;;"{""type"": ""Point"", ""coordinates"": [2.400122868986521, 48.84653782947836]}";48.8465378295,2.40012286899
167;HOCHE;14 QUATER ET 29 TER AVENUE HOCHE;29 TER AVENUE HOCHE;8;INDIGO;WWW.PARKINDIGO.FR;0143807381;190;;VISITEURS ET ABONNES;24h / 24;OUI;OUI;NON;NON;NON;01/08/2016;295;3068;NON;ND;ND;NON;ND;01/09/2016;1,2;2,4;4,8;7,2;9,6;14,4;19,2;33,6;38,4;39,6;39,6;39,6;39,6;39,6;10;ND;ND;ND;ND;ND;1539;13;ND;171;487;1778;ND;2020-05-01;ND;ND;ND;ND;NON;ND;ND;NON;ND;3224;NON;NON;ND;648764.6749;6864251.7564;;;;;;;"{""type"": ""Point"", ""coordinates"": [2.301314870650849, 48.876276288133624]}";48.8762762881,2.30131487065
4;VILLIERS;14 TER AVENUE DE VILLIERS;14 AVENUE DE VILLIERS;17;INDIGO;WWW.PARKINDIGO.FR;0143807381;190;;VISITEURS ET ABONNES;24h / 24;OUI, MAIS TRAVAUX D'ACCESSIBILITE AUX HANDICAPES A REALISER;OUI;OUI;NON;NON;01/06/2018;311;3234;OUI;1950;2600;NON;ND;01/06/2018;1,05;2,1;4,2;6,3;8,4;12,6;16,8;29,4;33,6;37,8;37,8;37,8;37,8;37,8;1;155,5;443;1617;155,5;443;1617;9;1,2;109;310;1134;ND;2020-05-01;17G 17H 17J 17K 17L 17M 17N;0,3;0,6;10,8;OUI;682,5;910;NON;ND;4046;NON;NON;ND;649708.5318;6864878.1439;;;;;;;"{""type"": ""Point"", ""coordinates"": [2.314305973736662, 48.88185624505888]}";48.8818562451,2.31430597374
42;BAC MONTALEMBERT;39 RUE DU BAC;39 RUE DU BAC;7;INDIGO;WWW.PARKINDIGO.FR;0142221566;190;;VISITEURS ET ABONNES;24h / 24;OUI;OUI;OUI;OUI;NON;01/08/2016;398;4139;OUI;2483,4;3311,2;NON;ND;01/07/2016;1,15;2,3;4,6;6,9;9,2;13,8;18,4;32,2;36,8;39,6;39,6;39,6;39,6;39,6;9;199;567;2069,5;199;567;2069,5;13;1,6;139;396;1448.5;12,6;2020-05-01;1E 6E 7G 7J 7L 7M 8E;0,4;0,8;13,6;OUI;869,1;1158,8;NON;ND;5630;NON;NON;ND;650625.0839;6862046.563;;;;;;;"{""type"": ""Point"", ""coordinates"": [2.3269768580625803, 48.856591957802365]}";48.8565919578,2.32697685806
62;BERCY RELAIS MERCURE;71 RUE DE BERCY;71 RUE DE BERCY;12;SOCIETE SEIH_ACCOR_ALLSEASONS;SOCIETE SEIH;0153465050;190;;VISITEURS ET ABONNES;24h / 24;NON;OUI;OUI;NON;NON;01/01/2013;155;1860;NON;ND;ND;NON;ND;01/01/2019;0,9;1,8;3,6;5,4;7,2;10,8;14,4;22;24;26;28;30;30;30;4;ND;ND;ND;ND;ND;ND;0;ND;ND;ND;ND;ND;2020-05-01;ND;ND;ND;ND;NON;ND;ND;NON;ND;1680;NON;NON;ND;654594.2319;6859979.9154;;;;;;;"{""type"": ""Point"", ""coordinates"": [2.381533798838891, 48.83817611726775]}";48.8381761173,2.38153379884
103;FAUBOURG SAINT ANTOINE;83 TER AVENUE LEDRU-ROLLIN;83 TER AVENUE LEDRU ROLLIN;12;INDIGO;WWW.PARKINDIGO.FR;0144755243;190;;VISITEURS ET ABONNES;24h / 24;OUI, MAIS TRAVAUX D'ACCESSIBILITE AUX HANDICAPES A REALISER;OUI;OUI;OUI;NON;01/08/2016;234;2434;NON;ND;ND;NON;ND;01/08/2016;1,1;2,2;4,4;6,6;8,8;13,2;17,6;30,8;35,2;39,6;39,6;39,6;39,6;39,6;6;ND;ND;ND;ND;ND;1214;24;ND;ND;380;1398;ND;2020-05-01;ND;ND;ND;ND;NON;ND;ND;NON;ND;ND;NON;NON;ND;654179.463;6861395.5734;;;;;;;"{""type"": ""Point"", ""coordinates"": [2.375560180724667, 48.85084266169854]}";48.8508426617,2.37556018072
171;HAUSSMANN BERRI;163 TER ET 164 TER BOULEVARD HAUSSMANN;164 TER BOULEVARD HAUSSMANN;8;SAEMES;WWW.SAEMES.FR;0145639462;190;;VISITEURS ET ABONNES;24h / 24;NON;OUI;NON;NON;OUI;01/06/2018;250;2500;OUI;1500;2000;NON;ND;01/01/2020;1,05;2,1;4,1;6,2;8,2;12,3;16,4;28,7;32,8;36,9;36,9;36,9;36,9;36,9;4;125;356,5;1250;125;356,5;1250;24;1,4;87;249;875;10;2020-05-01;8F 8G 8H 8J 17J 17K;0,35;0,7;12,6;OUI;525;700;NON;ND;3125;NON;NON;ND;649377.5795;6864132.5171;;;;;;;"{""type"": ""Point"", ""coordinates"": [2.309666481452783, 48.87516076368317]}";48.8751607637,2.30966648145
56;SAINT SULPICE;8/M PLACE SAINT SULPICE;8 M PLACE SAINT SULPICE;6;INDIGO;WWW.PARKINDIGO.FR;0143254557;190;;VISITEURS ET ABONNES;24h / 24;OUI;OUI;NON;NON;NON;01/08/2016;331;3442;NON;ND;ND;NON;ND;01/09/2016;1,2;2,4;4,8;7,2;9,6;14,4;19,2;33,6;38,4;39,6;39,6;39,6;39,6;39,6;10;ND;ND;ND;ND;ND;1721,2;3;ND;132;376.2;1372.8;ND;2020-05-01;ND;ND;ND;ND;NON;ND;ND;NON;ND;4212;NON;NON;ND;651100.2601;6861472.5821;;;;;;;"{""type"": ""Point"", ""coordinates"": [2.333556653980192, 48.851181825552885]}";48.8511818256,2.33355665398
121;SAINTS PERES;47 TER RUE JACOB;47 TER RUE JACOB;6;INDIGO;WWW.PARKINDIGO.FR;0145491855;190;;ABONNES;POUR ABONNES;NON;OUI;NON;NON;NON;01/08/2016;332;3456;NON;ND;ND;NON;ND;ND;ND;ND;ND;ND;ND;ND;ND;ND;ND;ND;ND;ND;ND;ND;0;ND;ND;ND;ND;ND;ND;5;ND;108;308;1124;ND;2020-05-01;ND;ND;ND;ND;NON;ND;ND;NON;ND;3456;OUI;NON;ND;650987.5043;6861989.9198;;;;;;;"{""type"": ""Point"", ""coordinates"": [2.332363441959306, 48.85601062831366]}";48.8560106283,2.33236344196
56;NOTRE DAME;11 RUE DE LA CITÉ;11 RUE DE LA CITE;4;SAEMES;;;;;VISITEURS ET ABONNES;;;;;;;;;;;;;;;;;;;;;;;;;;;;;;;;;;;;;;;;;;;;;;;;;;;;;;;;;;;;;;;;;"{""type"": ""Point"", ""coordinates"": [2.347466363826224, 48.85397390801673]}";48.853973908,2.34746636383
;NOTRE DAME;9 PARVIS NOTRE-DAME-PLACE JEAN-PAUL II;9 PARVIS NOTRE DAME PLACE JEAN PAUL II;4;SAEMES;;;;;VISITEURS ET ABONNES;;;;;;;;;;;;;;;;;;;;;;;;;;;;;;;;;;;;;;;;;;;;;;;;;;;;;;;;;;;;;;;;;"{""type"": ""Point"", ""coordinates"": [2.347670077472009, 48.853906440361826]}";48.8539064404,2.34767007747
16;PASSY;82 TER RUE DE PASSY;82 TER RUE DE PASSY;16;INDIGO;WWW.PARKINDIGO.FR;0145242509;190;;VISITEURS ET ABONNES;24h / 24;OUI;OUI;OUI;OUI;NON;01/08/2016;363;3775;OUI;2265;3020;NON;ND;01/03/2018;1,1;2,2;4,4;6,6;8,8;13,2;17,6;30,8;34,8;37,8;37,8;37,8;37,8;37,8;8;181,5;517;1888;181,5;517;1888;14;1,5;127;362;1321;16,8;2020-05-01;16K 16L 16M 16N 16P 16R 16S 16T 16U;0,35;0,7;12,75;OUI;792,75;1057;NON;ND;5335;NON;NON;ND;646845.0612;6862266.1373;;;;;;;"{""type"": ""Point"", ""coordinates"": [2.2753248429455732, 48.85819390890801]}";48.8581939089,2.27532484295
41;HARLAY (PONT NEUF);40 BIS QUAI DES ORFÈVRES;40 BIS QUAI DES ORFEVRES;1;INDIGO;WWW.PARKINDIGO.FR;0146339748;190;;VISITEURS ET ABONNES;24h / 24;OUI, MAIS TRAVAUX D'ACCESSIBILITE AUX HANDICAPES A REALISER;OUI;OUI;NON;OUI;01/08/2016;246;2558;NON;ND;ND;OUI;1790,6;01/09/2016;1,1;2,2;4,4;6,6;8,8;13,2;17,6;30,8;35,2;39,6;39,6;39,6;39,6;39,6;7;ND;ND;ND;123;350,55;1279;61;ND;89;253.5;925.6;ND;2020-05-01;1E 34F 4E 5G 5H 5J 6E;ND;ND;ND;NON;ND;ND;NON;ND;2992;NON;NON;ND;651751.6431;6861971.7982;;;;;;;"{""type"": ""Point"", ""coordinates"": [2.34278418918771, 48.85566500529579]}";48.8556650053,2.34278418919
115;HECTOR MALOT;61 TER AVENUE DAUMESNIL;61 TER AVENUE DAUMESNIL;12;SAEMES;WWW.SAEMES.FR;0144829999;200;;ABONNES;POUR ABONNES;OUI;OUI;OUI;NON;NON;01/07/2019;185;1850;NON;ND;ND;NON;ND;ND;ND;ND;ND;ND;ND;ND;ND;ND;ND;ND;ND;ND;ND;ND;6;ND;144;555;ND;ND;ND;36;ND;74;192;740;16;2020-05-01;ND;ND;ND;ND;NON;ND;ND;NON;ND;1850;NON;NON;ND;654233.34;6860953.5295;;;;;;;"{""type"": ""Point"", ""coordinates"": [2.376331465627461, 48.84690254968879]}";48.8469025497,2.37633146563
35;PORTE DE CHAMPERRET;6 TER AVENUE DE LA PORTE DE CHAMPERRET, 10 BOULEVARD DE L'YSER;10 BOULEVARD DE L YSER;17;INDIGO;WWW.PARKINDIGO.FR;0143807381;190;;VISITEURS ET ABONNES;24h / 24;OUI, MAIS TRAVAUX D'ACCESSIBILITE AUX HANDICAPES A REALISER;OUI;OUI;OUI;OUI;01/08/2016;148;1539;NON;ND;ND;OUI;1082;01/03/2018;1,05;2,1;4,2;6,3;8,4;12,6;16,8;28,8;32,4;36;36;36;36;36;30;ND;ND;ND;74;211;770;37;1,4;72;205;749;16;2020-05-01;17E 17F 17G 17H 17L 17M 17N;0,35;0,7;11,65;NON;ND;ND;OUI;520;1924;NON;OUI;75;647780.313;6865242.2589;;;;;;;"{""type"": ""Point"", ""coordinates"": [2.287620198028847, 48.88505887178797]}";48.8850588718,2.28762019803
59;VICTOR HUGO POMPE;122 TER AVENUE VICTOR HUGO;122 AVENUE VICTOR HUGO;16;INDIGO;WWW.PARKINDIGO.FR;0145242509;190;;VISITEURS ET ABONNES;24h / 24;NON;NON;OUI;NON;NON;01/08/2016;315;3276;NON;ND;ND;NON;ND;01/01/2017;1,15;2,3;4,6;6,9;9,2;13,8;18,4;32,2;36,8;39,6;39,6;39,6;39,6;39,6;0;157,5;449;1638;157,5;449;1638;9;1,6;110;314;1147;10;2020-05-01;ND;0,4;0,8;13,6;NON;ND;ND;NON;ND;4095;NON;NON;ND;647228.2267;6863326.622;;;;;;;"{""type"": ""Point"", ""coordinates"": [2.280732306180057, 48.86778235728271]}";48.8677823573,2.28073230618
